Nom,Isin,Symbole,Marche,Mic,Nom
CANDELA_INVEST,BE0974298300,CAND,Alternext_Brussels,ALXB,ALTAMIR
CO.BR.HA,BE0003519270,COBH,Alternext_Brussels,ALXB,EURO_DISNEY
EMAKINA_GROUP,BE0003843605,ALEMK,Alternext_Brussels,ALXB,BIOCARTIS
EUROPUBLIDIS,BE0003842599,ALPBS,Alternext_Brussels,ALXB,AP_ALTERNAT_ASSETS
EVADIX,BE0003840577,ALEVA,Alternext_Brussels,ALXB,ALBIOMA
KKO_INT_WARRANT_A,BE0974285174,KKOWA,Alternext_Brussels,ALXB,FIGEAC_AERO
KKO_INTERNATIONAL,BE0974284169,ALKKO,Alternext_Brussels,ALXB,NICOX
SETTLEMENTS,BE0974261902,STTL,Alternext_Brussels,ALXB,ROTHSCHILD_&_CO
SOFTIMAT,BE0003773877,SOFT,Alternext_Brussels,ALXB,AMSTERDAM_COMMOD.
ISA,PTIAN0AM0001,ALISA,Alternext_Lisbon,ALXL,ESSO
NEXPONOR-SICAFI,PTNEX0AM0002,ALNOR,Alternext_Lisbon,ALXL,BONDUELLE
PATRIS,PTPRS0AM0009,ALPTR,Alternext_Lisbon,ALXL,BINCKBANK
1000MERCIS,FR0010285965,ALMIL,Alternext_Paris,ALXP,BASIC-FIT
A2MICILE_EUROPE,FR0010795476,ALA2M,Alternext_Paris,ALXP,ONXEO
ACCES_INDUSTRIE,FR0010567032,ALACI,Alternext_Paris,ALXP,PARROT
ACHETER-LOUER.FR,FR0010493510,ALALO,Alternext_Paris,ALXP,BILENDI
ADA,FR0000053076,ALADA,Alternext_Paris,ALXP,MDXHEALTH
ADOMOS,FR0013247244,ALADO,Alternext_Paris,ALXP,SOLUTIONS_30_SE
ADOMOS_BS,FR0013247228,ALABS,Alternext_Paris,ALXP,SCHLUMBERGER
ADTHINK_MEDIA,FR0010457531,ALADM,Alternext_Paris,ALXP,FFP
AGROGENERATION,FR0010641449,ALAGR,Alternext_Paris,ALXP,NATUREX
AGROGENERATION_NV,FR0013230349,AGRNV,Alternext_Paris,ALXP,HEIJMANS
ALES_GROUPE,FR0000054652,ALPHY,Alternext_Paris,ALXP,GL_EVENTS
ALO_BSA_2016,FR0013188513,ALOBS,Alternext_Paris,ALXP,CONDOR_INTERNAT
ANEVIA,FR0011910652,ALANV,Alternext_Paris,ALXP,BIGBEN_INTERACTIVE
ANTEVENIO,ES0109429037,ALANT,Alternext_Paris,ALXP,ESPERITE
AQUILA,FR0010340711,ALAQU,Alternext_Paris,ALXP,IT_LINK
AROUNDTOWN,CY0105562116,ALATP,Alternext_Paris,ALXP,TOUAX
ASSIMA,GB00B19RTX44,ALSIM,Alternext_Paris,ALXP,HIPAY_GROUP
ASTELLIA,FR0004176535,ALAST,Alternext_Paris,ALXP,MAUREL_ET_PROM
AUPLATA,FR0010397760,ALAUP,Alternext_Paris,ALXP,ABC_ARBITRAGE
BD_MULTI_MEDIA,FR0000035305,ALBDM,Alternext_Paris,ALXP,GROUPE_LDLC
BERNARD_LOISEAU,FR0000066961,ALDBL,Alternext_Paris,ALXP,MAISONS_FRANCE
BILENDI,FR0004174233,ALBLD,Alternext_Paris,ALXP,SIEMENS
BIOCORP,FR0012788065,ALCOR,Alternext_Paris,ALXP,LEASINVEST
BIOPHYTIS,FR0012816825,ALBPS,Alternext_Paris,ALXP,CATANA_GROUP
BIOSYNEX,FR0011005933,ALBIO,Alternext_Paris,ALXP,PCAS
BLUELINEA,FR0011041011,ALBLU,Alternext_Paris,ALXP,HSBC_HOLDINGS
BRICORAMA,FR0000054421,ALBRI,Alternext_Paris,ALXP,EXMAR
BUDGET_TELECOM,FR0004172450,ALBUD,Alternext_Paris,ALXP,ALPES_(COMPAGNIE)
CARBIOS,FR0011648716,ALCRB,Alternext_Paris,ALXP,SYNERGIE
CARMAT,FR0010907956,ALCAR,Alternext_Paris,ALXP,VOLTALIA
CELLECTIS,FR0010425595,ALCLS,Alternext_Paris,ALXP,AVIATION_LATECOERE
CERINNOV_GROUP,FR0013178712,ALPCV,Alternext_Paris,ALXP,ACTIA_GROUP
CESAR,FR0010540997,ALCES,Alternext_Paris,ALXP,TXCELL
CLASQUIN,FR0004152882,ALCLA,Alternext_Paris,ALXP,ADOMOS
COFIDUR,FR0000054629,ALCOF,Alternext_Paris,ALXP,RTL_GROUP
COGRA,FR0011071570,ALCOG,Alternext_Paris,ALXP,METABOLIC_EXPLORER
COGRA_48_BSAR,FR0013220530,COGBS,Alternext_Paris,ALXP,BQUE_NAT._BELGIQUE
COIL,BE0160342011,ALCOI,Alternext_Paris,ALXP,SUPERSONIC_IMAGINE
CONCOURSMANIA,FR0011038348,ALGCM,Alternext_Paris,ALXP,PRECIA
CROSSJECT,FR0011716265,ALCJ,Alternext_Paris,ALXP,RECTICEL
CUSTOM_SOLUTION_NV,FR0013249604,SOLVN,Alternext_Paris,ALXP,O2I
CUSTOM_SOLUTIONS,FR0010889386,ALSOL,Alternext_Paris,ALXP,LUCASBOLS
CYBERGUN,FR0013204351,ALCYB,Alternext_Paris,ALXP,FOCUS_HOME_INT
CYBERGUN_BSB,FR0012994200,CYBSB,Alternext_Paris,ALXP,JACQUES_BOGART
D.L.S.I.,FR0010404368,ALDLS,Alternext_Paris,ALXP,PLANET.FR
DAMARTEX,FR0000185423,ALDAR,Alternext_Paris,ALXP,VGP
DBT,FR0013066750,ALDBT,Alternext_Paris,ALXP,GENEURO
DEINOVE,FR0010879056,ALDEI,Alternext_Paris,ALXP,EKINOPS
DELFINGEN,FR0000054132,ALDEL,Alternext_Paris,ALXP,BANCO_SANTANDER
DELTA_DRONE,FR0011522168,ALDR,Alternext_Paris,ALXP,BREDERODE
DEMOS,FR0010474130,ALDMO,Alternext_Paris,ALXP,AFFINE_R.E.
DEVERNOIS,FR0000060840,ALDEV,Alternext_Paris,ALXP,HOTELIM
DIAXONHIT,FR0004054427,ALEHT,Alternext_Paris,ALXP,GENERAL_ELECTRIC
DIETSWELL,FR0010377127,ALDIE,Alternext_Paris,ALXP,BONE_THERAPEUTICS
DL_SOFTWARE,FR0010357079,ALSDL,Alternext_Paris,ALXP,ADTHINK_MEDIA
DOLPHIN_INTEGRAT.,FR0004022754,ALDOL,Alternext_Paris,ALXP,WERELDHAVE_BELGIUM
DRONE_VOLT,FR0013088606,ALDRV,Alternext_Paris,ALXP,UNION_FIN.FRANCE
DRONE_VOLT_BS,FR0012860542,DRVBS,Alternext_Paris,ALXP,MONTEA_C.V.A.
EASYVISTA,FR0010246322,ALEZV,Alternext_Paris,ALXP,AVANTIUM
ECOSLOPS,FR0011490648,ALESA,Alternext_Paris,ALXP,STERN_GROEP
EMOVA_BS,FR0013245123,ALEBS,Alternext_Paris,ALXP,IMPRESA
EMOVA_GROUP,FR0010554113,ALEMV,Alternext_Paris,ALXP,EOS_IMAGING
ENERTIME,FR0011915339,ALENE,Alternext_Paris,ALXP,AJAX
ENTREPARTICULIERS,FR0010424697,ALENT,Alternext_Paris,ALXP,ID_LOGISTICS_GROUP
ENTREPRENDRE,FR0000045122,ALENR,Alternext_Paris,ALXP,ZETES_INDUSTRIES
ENVIRONNEMENT_SA,FR0010278762,ALTEV,Alternext_Paris,ALXP,MAUNA_KEA_TECH
EO2,FR0010465534,ALEO2,Alternext_Paris,ALXP,MEDICREA_INTERNAT.
ESKER,FR0000035818,ALESK,Alternext_Paris,ALXP,TOTAL_GABON
EURASIA_GROUPE,FR0010844001,ALEUA,Alternext_Paris,ALXP,VISIATIV
EUROFINS_CEREP,FR0012413771,ALECR,Alternext_Paris,ALXP,MANITOU_BF
EUROGERM,FR0010452474,ALGEM,Alternext_Paris,ALXP,DELTA_DRONE
EUROPLASMA,FR0000044810,ALEUP,Alternext_Paris,ALXP,INSIDE_SECURE
EUROPLASMA_BSA,FR0012160653,EURBS,Alternext_Paris,ALXP,CUSTOM_SOLUTIONS
EUROPLASMA_BSB,FR0012160661,EURBT,Alternext_Paris,ALXP,TOTAL_NV
EVOLIS,FR0004166197,ALTVO,Alternext_Paris,ALXP,SETTLEMENTS
FASHION_B_AIR,FR0004034593,ALFBA,Alternext_Paris,ALXP,GLOBAL_ECOPOWER
FILAE,FR0010221069,ALFIL,Alternext_Paris,ALXP,DEINOVE
FOCUS_HOME_INT,FR0012419307,ALFOC,Alternext_Paris,ALXP,ACANTHE_DEV.
FOUNTAINE_PAJOT,FR0010485268,ALFPC,Alternext_Paris,ALXP,INTLE_PLANT.HEVEAS
FREELANCE_BS_2018,FR0013229291,FREBS,Alternext_Paris,ALXP,GROUPE_OPEN
FREELANCE.COM,FR0004187367,ALFRE,Alternext_Paris,ALXP,DALENYS
GASCOGNE,FR0000124414,ALBI,Alternext_Paris,ALXP,ASCENCIO
GAUSSIN,FR0010342329,ALGAU,Alternext_Paris,ALXP,CIE_BOIS_SAUVAGE
GAUSSIN_BSA,FR0013186061,GAUBT,Alternext_Paris,ALXP,BIOPHYTIS
GAUSSIN_BSAR,FR0011462803,GAUBS,Alternext_Paris,ALXP,UNILEVER_OS
GENOWAY,FR0004053510,ALGEN,Alternext_Paris,ALXP,CARBIOS
GEVELOT,FR0000033888,ALGEV,Alternext_Paris,ALXP,SES_IMAGOTAG
GLOBAL_BIOENERGIES,FR0011052257,ALGBE,Alternext_Paris,ALXP,MICHELIN_NV
GLOBAL_ECOPOWER,FR0011289198,ALGEP,Alternext_Paris,ALXP,PHARNEXT
GLOBAL_INVESTMENT,FR0004060234,ALGIS,Alternext_Paris,ALXP,ROBECO
GOLD_BY_GOLD,FR0011208693,ALGLD,Alternext_Paris,ALXP,CURETIS
GPE_PAROT_(AUTO),FR0013204070,ALPAR,Alternext_Paris,ALXP,REALITES
GROUPE_GUILLIN,FR0012819381,ALGIL,Alternext_Paris,ALXP,ELECTRO_POWER
GROUPIMO,FR0010490961,ALIMO,Alternext_Paris,ALXP,INFOTEL
H2O_INNOVATION_INC,CA4433003064,ALHEO,Alternext_Paris,ALXP,OENEO
HARVEST,FR0010207795,ALHVS,Alternext_Paris,ALXP,HYBRIGENICS
HEURTEY_PETROCHEM,FR0010343186,ALHPC,Alternext_Paris,ALXP,TOUR_EIFFEL
HIOLLE_INDUSTRIES,FR0000077562,ALHIO,Alternext_Paris,ALXP,DECEUNINCK
HITECHPROS,FR0010396309,ALHIT,Alternext_Paris,ALXP,SMTPC
HOLOSFIND,FR0010446765,ALHOL,Alternext_Paris,ALXP,AREVA
HORIZONTALSOFTWARE,FR0013219367,ALHSW,Alternext_Paris,ALXP,PHARMAGEST_INTER.
HYBRIGENICS,FR0004153930,ALHYG,Alternext_Paris,ALXP,SDC_INV.
I.CERAM,FR0011511971,ALICR,Alternext_Paris,ALXP,MONTEPIO
I2S,FR0005854700,ALI2S,Alternext_Paris,ALXP,FLUXYS_BELGIUM_D
IDSUD,FR0000062184,ALIDS,Alternext_Paris,ALXP,AMOEBA
IMMERSION,FR0013060100,ALIMR,Alternext_Paris,ALXP,D.L.S.I.
INNOVEOX,FR0011066885,ALIOX,Alternext_Paris,ALXP,CRCAM_NORD_CCI
INTEGRAGEN,FR0010908723,ALINT,Alternext_Paris,ALXP,MGI_DIGITAL_GRAPHI
INTRASENSE,FR0011179886,ALINS,Alternext_Paris,ALXP,AUBAY
ISCOOL_ENTERTAIN.,FR0004060671,ALISC,Alternext_Paris,ALXP,ORCLASS.COM
IVALIS,FR0010082305,ALIVA,Alternext_Paris,ALXP,ROBERTET
KERLINK,FR0013156007,ALKLK,Alternext_Paris,ALXP,AUPLATA
KEYYO,FR0000185621,ALKEY,Alternext_Paris,ALXP,INTEGRAGEN
KINDY,FR0000052904,ALKDY,Alternext_Paris,ALXP,CRCAM_BRIE_PIC2CCI
LEADMEDIA_GROUP,FR0011053636,ALLMG,Alternext_Paris,ALXP,WOL._SHOPPING_CERT
LES_HOTELS_BAVEREZ,FR0007080254,ALLHB,Alternext_Paris,ALXP,KAS_BANK
LETS_GOWEX,ES0158252033,ALGOW,Alternext_Paris,ALXP,KEYRUS
LEXIBOOK_LINGUIST.,FR0000033599,ALLEX,Alternext_Paris,ALXP,TRANSGENE
LOGIC_INSTRUMENT,FR0000044943,ALLOG,Alternext_Paris,ALXP,ESI_GROUP
LUCIBEL,FR0011884378,ALUCI,Alternext_Paris,ALXP,BOURBON_CORP.
MADVERTISE,FR0010812230,ALMNG,Alternext_Paris,ALXP,UNIBEL
MAKHEIA_GROUP,FR0000072993,ALMAK,Alternext_Paris,ALXP,VALNEVA
MASTRAD,FR0004155687,ALMAS,Alternext_Paris,ALXP,LOTUS_BAKERIES
MDW,BE0974267966,ALMDW,Alternext_Paris,ALXP,TFF_GROUP
MECELEC,FR0000061244,ALMEC,Alternext_Paris,ALXP,CROSSJECT
MECELEC_BSA_DEC19,FR0012057149,MCBS2,Alternext_Paris,ALXP,COGRA
MEDIANTECHNOLOGIES,FR0011049824,ALMDT,Alternext_Paris,ALXP,CEGEDIM
MEDICREA_INTERNAT.,FR0004178572,ALMED,Alternext_Paris,ALXP,INTERPARFUMS
METHANOR,FR0011217710,ALMET,Alternext_Paris,ALXP,HERIGE
METHORIOS_CAPITAL,IT0004615396,ALMTH,Alternext_Paris,ALXP,EGIDE
MG_INTERNATIONAL,FR0010204453,ALMGI,Alternext_Paris,ALXP,SIOEN
MGI_DIGITAL_GRAPHI,FR0010353888,ALMDG,Alternext_Paris,ALXP,TIGENIX
MICROWAVE_VISION,FR0004058949,ALMIC,Alternext_Paris,ALXP,VISIOMED_GROUP
MILIBOO,FR0013053535,ALMLB,Alternext_Paris,ALXP,IBERSOL
MILLET_INNOVATION,FR0010304402,ALINN,Alternext_Paris,ALXP,PSB_INDUSTRIES
MOULINVEST,FR0011033083,ALMOU,Alternext_Paris,ALXP,BASTIDE_LE_CONFORT
NEOLIFE,FR0011636083,ALNLF,Alternext_Paris,ALXP,STEF
NEOVACS,FR0004032746,ALNEV,Alternext_Paris,ALXP,HUNTER_DOUGLAS
NETBOOSTER,FR0000079683,ALNBT,Alternext_Paris,ALXP,CRCAM_LOIRE_HTE_L.
NEXTEDIA,FR0004171346,ALNXT,Alternext_Paris,ALXP,VIDELIO
NOVACYT,FR0010397232,ALNOV,Alternext_Paris,ALXP,QUANTEL
NOXXON,NL0012044762,ALNOX,Alternext_Paris,ALXP,CRCAM_SUD_R.A.CCI
NSC_GROUPE,FR0000064529,ALNSC,Alternext_Paris,ALXP,MICROPOLE
NSE,FR0004065639,ALNSE,Alternext_Paris,ALXP,XILAM_ANIMATION
O2I,FR0010231860,ALODI,Alternext_Paris,ALXP,COLAS
O2I_BSAAR_2019,FR0011928407,ODIBS,Alternext_Paris,ALXP,FRANCAISE_ENERGIE
OBER,FR0010330613,ALOBR,Alternext_Paris,ALXP,PROLOGUE
OCEASOFT,FR0012407096,ALOCA,Alternext_Paris,ALXP,ROLINCO
ONCODESIGN,FR0011766229,ALONC,Alternext_Paris,ALXP,ARCHOS
OSMOZIS,FR0013231180,ALOSM,Alternext_Paris,ALXP,ATARI
OSPREYFRANK,GB00B2R1Q018,ALOSP,Alternext_Paris,ALXP,EUROPLASMA
PHARNEXT,FR0011191287,ALPHA,Alternext_Paris,ALXP,U10
PISCINES_DESJOYAUX,FR0000061608,ALPDX,Alternext_Paris,ALXP,ABEO
PLANET.FR,FR0010211037,ALPLA,Alternext_Paris,ALXP,QRF
PLANT_ADVANCED,FR0010785790,ALPAT,Alternext_Paris,ALXP,UMANIS
PLANT_ADVANCED_BS,FR0011844067,PATBS,Alternext_Paris,ALXP,VOYAGEURS_DU_MONDE
POUJOULAT,FR0000066441,ALPJT,Alternext_Paris,ALXP,ROSIER
POULAILLON,FR0013015583,ALPOU,Alternext_Paris,ALXP,DELTA_PLUS_GROUP
PRIMECITY,CY0104972217,ALPCI,Alternext_Paris,ALXP,CEGID_GROUP
PRISMAFLEX_INTL,FR0004044600,ALPRI,Alternext_Paris,ALXP,COFINA
PRODWARE,FR0010313486,ALPRO,Alternext_Paris,ALXP,CIC
QUANGENBS15SEP2018,FR0013134384,QGCBS,Alternext_Paris,ALXP,VEXIM
QUANTUM_GENOMICS,FR0011648971,ALQGC,Alternext_Paris,ALXP,TINC
REALITES,FR0011858190,ALREA,Alternext_Paris,ALXP,GENSIGHT_BIOLOGICS
REWORLD_MEDIA,FR0010820274,ALREW,Alternext_Paris,ALXP,KERLINK
ROCTOOL,FR0010523167,ALROC,Alternext_Paris,ALXP,NEDAP
ROUGIER_S.A.,FR0000037640,ALRGR,Alternext_Paris,ALXP,WALLIX
SAFWOOD,IT0004013725,ALWOO,Alternext_Paris,ALXP,SAVENCIA
SAPMER,FR0010776617,ALMER,Alternext_Paris,ALXP,FONCIERE_INEA
SENSORION,FR0012596468,ALSEN,Alternext_Paris,ALXP,LUCIBEL
SERMA_TECHNOLOGIES,FR0000073728,ALSER,Alternext_Paris,ALXP,QUESTFOR_GR-PRICAF
SI_PARTICIPATIONS,FR0000061582,ALSIP,Alternext_Paris,ALXP,WAREHOUSES
SIDETRADE,FR0010202606,ALBFR,Alternext_Paris,ALXP,CBO_TERRITORIA
SOLUTIONS_30_SE,FR0013188844,ALS30,Alternext_Paris,ALXP,SII
SPINEGUARD,FR0011464452,ALSGD,Alternext_Paris,ALXP,PIERRE_VACANCES
SPINEWAY,FR0011398874,ALSPW,Alternext_Paris,ALXP,WAVESTONE
SPOREVER,FR0010213215,ALSPO,Alternext_Paris,ALXP,TER_BEKE
STRADIM_ESPAC.FIN,FR0000074775,ALSAS,Alternext_Paris,ALXP,EMOVA_GROUP
STREAMWIDE,FR0010528059,ALSTW,Alternext_Paris,ALXP,OPTION
STREAMWIDE_BS,FR0012790756,STWDS,Alternext_Paris,ALXP,CARMAT
TECHNOFIRST,FR0011651819,ALFST,Alternext_Paris,ALXP,SOLVAC_NOM(RETAIL)
THERACLION,FR0010120402,ALTHE,Alternext_Paris,ALXP,EXACOMPTA_CLAIREF.
THERADIAG,FR0004197747,ALTER,Alternext_Paris,ALXP,SQLI
TOOLUX_SANDING,LU0394945660,ALTLX,Alternext_Paris,ALXP,VELCAN
TRAQUEUR,FR0004043487,ALTRA,Alternext_Paris,ALXP,MITHRA
TRILOGIQ,FR0010397901,ALTRI,Alternext_Paris,ALXP,FUTUREN
TRONICS,FR0004175099,ALTRO,Alternext_Paris,ALXP,SWORD_GROUP
TTI,FR0010383877,ALTTI,Alternext_Paris,ALXP,BURELLE
TUTO4PC.COM_GROUP,FR0011068766,ALTUT,Alternext_Paris,ALXP,CERENIS
TXCOM,FR0010654087,ALTXC,Alternext_Paris,ALXP,BUDGET_TELECOM
UCAR,FR0011070457,ALUCR,Alternext_Paris,ALXP,VRANKEN-POMMERY
UMANIS,FR0010949388,ALUMS,Alternext_Paris,ALXP,CA_TOULOUSE_31_CCI
VDI_GROUP,FR0010337865,ALVDI,Alternext_Paris,ALXP,SOGECLAIR
VELCAN,FR0010245803,ALVEL,Alternext_Paris,ALXP,ATENOR
VERGNET,FR0004155240,ALVER,Alternext_Paris,ALXP,HOME_INVEST_BE.
VEXIM,FR0011072602,ALVXM,Alternext_Paris,ALXP,CARE_PROPERTY_INV.
VEXIM_BS,FR0012353530,VXMBS,Alternext_Paris,ALXP,CRCAM_PARIS_ET_IDF
VIALIFE,FR0010326090,ALVIA,Alternext_Paris,ALXP,INTRASENSE
VISIATIV,FR0004029478,ALVIV,Alternext_Paris,ALXP,GPE_PAROT_(AUTO)
VISIOMED_GROUP,FR0011067669,ALVMG,Alternext_Paris,ALXP,NOVABASE
VOYAGEURS_DU_MONDE,FR0004045847,ALVDM,Alternext_Paris,ALXP,NOVACYT
WALLIX,FR0010131409,ALLIX,Alternext_Paris,ALXP,EUROSIC
WE.CONNECT,FR0013079092,ALWEC,Alternext_Paris,ALXP,EUROCASTLE_INVEST.
WEBORAMA,FR0010337444,ALWEB,Alternext_Paris,ALXP,KINDY
WEDIA,FR0010688440,ALWED,Alternext_Paris,ALXP,LINEDATA_SERVICES
WITBE,FR0013143872,ALWIT,Alternext_Paris,ALXP,BLUE
COFINA-SGPS,PTCFN0AE0003,CFN,Euronext_Lisbon,XLIS,CRCAM_NORM.SEINE
CIMPOR-SGPS,PTCPR0AM0003,CPR,Euronext_Lisbon,XLIS,CRCAM_ATL.VEND.CCI
AGUAS_DA_CURIA,PTCUR0AP0000,CUR,Easynext_Lisbon,ENXL,GENOMIC_VISION
CIPAN,PTCPN0AE0002,CPN,Easynext_Lisbon,ENXL,FONC._PARIS_NORD
CONDURIL,PTCDU0AE0003,CDU,Easynext_Lisbon,ENXL,GLOBAL_BIOENERGIES
COPAM,PTCPA0AP0006,CPA,Easynext_Lisbon,ENXL,GROUPE_CRIT
FENALU,PTFEN0AP0006,FEN,Easynext_Lisbon,ENXL,FLEURY_MICHON
LITHO_FORMAS,PTLIT0AE0005,LIT,Easynext_Lisbon,ENXL,MICROWAVE_VISION
OLIVEIRA_IRMAO,PTOIR0AE0003,OIR,Easynext_Lisbon,ENXL,PASSAT
S.CLUBE_BRAGA,PTSCB0AM0001,SCB,Easynext_Lisbon,ENXL,SECHE_ENVIRONNEM.
SONAGI,PTSNG0AE0007,SNG,Easynext_Lisbon,ENXL,VALUE8
TRANSINSULAR,PTTRA0AP0006,TRAAP,Easynext_Lisbon,ENXL,SONAE_IND.SGPS
AALBERTS_INDUSTR,NL0000852564,AALB,Euronext_Amsterdam,XAMS,STENTYS
ABN_AMRO_Group,NL0011540547,ABN,Euronext_Amsterdam,XAMS,CHEVRON
ACCELL_GROUP,NL0009767532,ACCEL,Euronext_Amsterdam,XAMS,PIXIUM_VISION
ACCSYS,GB00BQQFX454,AXS,Euronext_Amsterdam,XAMS,ETAM_DEVELOPPEMENT
AEGON,NL0000303709,AGN,Euronext_Amsterdam,XAMS,BLUELINEA
AHOLD_DEL,NL0011794037,AD,Euronext_Amsterdam,XAMS,STALLERGENES_GREER
AJAX,NL0000018034,AJAX,Euronext_Amsterdam,XAMS,PRODWARE
AKZO_NOBEL,NL0000009132,AKZA,Euronext_Amsterdam,XAMS,MERSEN_NV
ALTICE,NL0011333752,ATC,Euronext_Amsterdam,XAMS,HOLOSFIND
ALTICE_B,NL0011333760,ATCB,Euronext_Amsterdam,XAMS,AMPLITUDE_SURGICAL
AMG,NL0000888691,AMG,Euronext_Amsterdam,XAMS,ESKER
AMSTERDAM_COMMOD.,NL0000313286,ACOMO,Euronext_Amsterdam,XAMS,NETBOOSTER
AND_INTERNATIONAL,NL0000430106,AND,Euronext_Amsterdam,XAMS,FLEURYMBSAR22MAR20
AP_ALTERNAT_ASSETS,GB00B15Y0C52,AAA,Euronext_Amsterdam,XAMS,RODRIGUEZ_GROUP
APERAM,LU0569974404,APAM,Euronext_Amsterdam,XAMS,TESSI
ARCADIS,NL0006237562,ARCAD,Euronext_Amsterdam,XAMS,ARTOIS_NOM.
ARCELORMITTAL_SA,LU1598757687,MT,Euronext_Amsterdam,XAMS,ADL_PARTNER
ASM_INTERNATIONAL,NL0000334118,ASM,Euronext_Amsterdam,XAMS,HI-MEDIA
ASML_HOLDING,NL0010273215,ASML,Euronext_Amsterdam,XAMS,VASTNED_RETAIL_BEL
ASR_NEDERLAND,NL0011872643,ASRNL,Euronext_Amsterdam,XAMS,IPSOS_NV
ATRIUM_EUR_REALEST,JE00B3DCF752,ATRS,Euronext_Amsterdam,XAMS,VOLTA_FINANCE
AVANTIUM,NL0012047823,AVTX,Euronext_Amsterdam,XAMS,VETOQUINOL
BAM_GROEP_KON,NL0000337319,BAMNB,Euronext_Amsterdam,XAMS,ARTPRICE_COM
BASIC-FIT,NL0011872650,BFIT,Euronext_Amsterdam,XAMS,ARGAN
BATENBURG_TECHNIEK,NL0006292906,BATEN,Euronext_Amsterdam,XAMS,RIBER
BE_SEMICONDUCTOR,NL0000339760,BESI,Euronext_Amsterdam,XAMS,FERMENTALG
BETER_BED,NL0000339703,BBED,Euronext_Amsterdam,XAMS,NEWAYS_ELECTRONICS
BEVER_HOLDING,NL0000285278,BEVER,Euronext_Amsterdam,XAMS,NRJ_GROUP
BINCKBANK,NL0000335578,BINCK,Euronext_Amsterdam,XAMS,NB_PRIV_EQ_PARTN
BOSKALIS_WESTMIN,NL0000852580,BOKA,Euronext_Amsterdam,XAMS,KARDAN
BOUSSARD_GAVAUD_C,GG00B1XFMJ13,BGHLC,Euronext_Amsterdam,XAMS,VOLKSWAGEN
BOUSSARD_GAVAUDAN,GG00B1FQG453,BGHL,Euronext_Amsterdam,XAMS,A.S.T._GROUPE
BOUSSARD_GHL_GBP,GG00B39VMM07,BGHS,Euronext_Amsterdam,XAMS,FOUNTAINE_PAJOT
BPP_CLASS_A,BMG166341005,BPPA,Euronext_Amsterdam,XAMS,LOGIC_INSTRUMENT
BPP_CLASS_B,BMG166341187,BPPB,Euronext_Amsterdam,XAMS,HYDRATEC
BRILL_KON,NL0000442523,BRILL,Euronext_Amsterdam,XAMS,DIAGNOSTIC_MEDICAL
BROOKFIELD_ASSET_M,CA1125851040,BAMA,Euronext_Amsterdam,XAMS,FLORIDIENNE
BRUNEL_INTERNAT,NL0010776944,BRNL,Euronext_Amsterdam,XAMS,THERADIAG
BTG_GDS-APN,US05890C2044,BTGA,Euronext_Amsterdam,XAMS,KIADIS
BTG_GDS-CS,US05890C1053,BTGB,Euronext_Amsterdam,XAMS,PHILIP_MORRIS_INTL
BTG-BPP_EUR_UNIT,US05890C3034,BTGP,Euronext_Amsterdam,XAMS,ZENOBE_GRAMME_CERT
COCA-COLA_EUROPEAN,GB00BDCPN049,CCE,Euronext_Amsterdam,XAMS,DAMARTEX
CORBION,NL0010583399,CRBN,Euronext_Amsterdam,XAMS,SOFRAGI
CORE_LABORATORIES,NL0000200384,CLB,Euronext_Amsterdam,XAMS,IMPLANET
CTAC,NL0000345577,CTAC,Euronext_Amsterdam,XAMS,DELFINGEN
CURETIS,NL0011509294,CURE,Euronext_Amsterdam,XAMS,HIGH_CO
DELTA_LLOYD,NL0009294552,DL,Euronext_Amsterdam,XAMS,NEXTEDIA
DOC_DATA,NL0000345627,DOCD,Euronext_Amsterdam,XAMS,COFIDUR
DPA_GROUP,NL0009197771,DPA,Euronext_Amsterdam,XAMS,IDI
DSM_KON,NL0000009827,DSM,Euronext_Amsterdam,XAMS,OSE_IMMUNO
ESPERITE,NL0009272137,ESP,Euronext_Amsterdam,XAMS,CAPELLI
EUROCASTLE_INVEST.,GB00B94QM994,ECT,Euronext_Amsterdam,XAMS,BEAULIEU-AV._CERT
EUROCOMMERCIAL,NL0000288876,ECMPA,Euronext_Amsterdam,XAMS,BANCO_BILBAO_VIZC.
FLOW_TRADERS,NL0011279492,FLOW,Euronext_Amsterdam,XAMS,VEON
FNG_N.V.,NL0012047849,FNG,Euronext_Amsterdam,XAMS,GENKYOTEX
FORFARMERS,NL0011832811,FFARM,Euronext_Amsterdam,XAMS,ELEC.STRASBOURG
FUGRO,NL0000352565,FUR,Euronext_Amsterdam,XAMS,TIKEHAU_CAPITAL
GALAPAGOS,BE0003818359,GLPG,Euronext_Amsterdam,XAMS,HARVEST
GEMALTO,NL0000400653,GTO,Euronext_Amsterdam,XAMS,IMMOBEL
GRANDVISION,NL0010937066,GVNV,Euronext_Amsterdam,XAMS,MONTAIGNE_FASHION
GROOTHANDELSGEBOUW,NL0000440824,GROHA,Euronext_Amsterdam,XAMS,SCBSM
HAL_TRUST,BMG455841020,HAL,Euronext_Amsterdam,XAMS,DOCK.PETR.AMBES_AM
HeadFirst_Source_G,CWN814651014,HFS,Euronext_Amsterdam,XAMS,AUREA
HEIJMANS,NL0009269109,HEIJM,Euronext_Amsterdam,XAMS,INVENTIVA
HEINEKEN,NL0000009165,HEIA,Euronext_Amsterdam,XAMS,PROBIODRUG
HEINEKEN_HOLDING,NL0000008977,HEIO,Euronext_Amsterdam,XAMS,M.R.M
HOLLAND_COLOURS,NL0000440311,HOLCO,Euronext_Amsterdam,XAMS,ACTEOS
HUNTER_DOUGLAS,ANN4327C1220,HDG,Euronext_Amsterdam,XAMS,GROUPE_PARTOUCHE
HUNTER_DOUGLAS,ANN4327C1303,HUNDP,Euronext_Amsterdam,XAMS,MCPHY_ENERGY
HYDRATEC,NL0009391242,HYDRA,Euronext_Amsterdam,XAMS,FIPP
ICT_GROUP,NL0000359537,ICT,Euronext_Amsterdam,XAMS,THROMBOGENICS
IEX_GROUP_NV,NL0010556726,IEX,Euronext_Amsterdam,XAMS,CRCAM_LANGUED_CCI
IMCD,NL0010801007,IMCD,Euronext_Amsterdam,XAMS,CNIM_CONSTR.FRF_10
ING_GROEP_N.V.,NL0011821202,INGA,Euronext_Amsterdam,XAMS,SAMSE
INTERTRUST,NL0010937058,INTER,Euronext_Amsterdam,XAMS,ALSTOM_NV
INVERKO,NL0011495189,INVER,Euronext_Amsterdam,XAMS,BRASSERIE_CAMEROUN
KARDAN,NL0000113652,KARD,Euronext_Amsterdam,XAMS,HIOLLE_INDUSTRIES
KAS_BANK,NL0000362648,KA,Euronext_Amsterdam,XAMS,DESIGN_YOUR_HOME
KENDRION,NL0000852531,KENDR,Euronext_Amsterdam,XAMS,SPINEGUARD
KIADIS,NL0011323407,KDS,Euronext_Amsterdam,XAMS,CIE_DU_MONT_BLANC
KPN_KON,NL0000009082,KPN,Euronext_Amsterdam,XAMS,PICANOL
LAVIDE_HOLDING,NL0010545679,LVIDE,Euronext_Amsterdam,XAMS,ONCODESIGN
LUCASBOLS,NL0010998878,BOLS,Euronext_Amsterdam,XAMS,GENK_LOGIST._CERT
NB_PRIV_EQ_PARTN,GG00B1ZBD492,NBPE,Euronext_Amsterdam,XAMS,COHERIS
NEDAP,NL0000371243,NEDAP,Euronext_Amsterdam,XAMS,ASK
NEDSENSE_ENTERPR,NL0009312842,NEDSE,Euronext_Amsterdam,XAMS,ALES_GROUPE
NEW_SOURCES_ENERGY,NL0009822014,NSE,Euronext_Amsterdam,XAMS,ANEVIA
NEWAYS_ELECTRONICS,NL0000440618,NEWAY,Euronext_Amsterdam,XAMS,SUPERSONIC_IMAGIDS
NN_GROUP,NL0010773842,NN,Euronext_Amsterdam,XAMS,GUILLEMOT
NOVISOURCE,NL0010696704,NOVI,Euronext_Amsterdam,XAMS,GDS_MOULINS_STRAS.
NSI,NL0000292324,NSI,Euronext_Amsterdam,XAMS,ZCCM
OCI,NL0010558797,OCI,Euronext_Amsterdam,XAMS,TELEVERBIER
ORANJEWOUD_A,NL0000370419,ORANW,Euronext_Amsterdam,XAMS,NEW_SOURCES_ENERGY
ORDINA,NL0000440584,ORDI,Euronext_Amsterdam,XAMS,LESNXCONSTRUCTEURS
PERSHING,GG00BPFJTF46,PSH,Euronext_Amsterdam,XAMS,INDLE_FIN.ENTREPR.
PHARMING_GROUP,NL0010391025,PHARM,Euronext_Amsterdam,XAMS,NETGEM
PHILIPS_BUY_BACK,NL0000009322,INPHI,Euronext_Amsterdam,XAMS,THERMADOR_GROUPE
PHILIPS_KON,NL0000009538,PHIA,Euronext_Amsterdam,XAMS,DBT
PHILIPS_LIGHTING,NL0011821392,LIGHT,Euronext_Amsterdam,XAMS,EURO_RESSOURCES
PORCELEYNE_FLES,NL0000378669,PORF,Euronext_Amsterdam,XAMS,GROUPE_VIAL
POSTNL,NL0009739416,PNL,Euronext_Amsterdam,XAMS,CHAUF.URB.
PROBIODRUG,DE0007921835,PBD,Euronext_Amsterdam,XAMS,MALTERIES_FCO-BEL.
RANDSTAD,NL0000379121,RAND,Euronext_Amsterdam,XAMS,HK
REFRESCO_GROUP,NL0011214010,RFRG,Euronext_Amsterdam,XAMS,IMMO_MCC
RELX,NL0006144495,REN,Euronext_Amsterdam,XAMS,DIAGEO
ROODMICROTEC,NL0000440477,ROOD,Euronext_Amsterdam,XAMS,LAURENT-PERRIER
ROODMICROTECWAR2,NL0011556972,WROD2,Euronext_Amsterdam,XAMS,BANCO_BPI
ROYAL_DUTCH_SHELLA,GB00B03MLX29,RDSA,Euronext_Amsterdam,XAMS,CTAC
ROYAL_DUTCH_SHELLB,GB00B03MM408,RDSB,Euronext_Amsterdam,XAMS,POULAILLON
SBM_OFFSHORE,NL0000360618,SBMO,Euronext_Amsterdam,XAMS,XIOR
SIF_HOLDING,NL0011660485,SIFG,Euronext_Amsterdam,XAMS,GFI_INFORMATIQUE
SLIGRO_FOOD_GROUP,NL0000817179,SLIGR,Euronext_Amsterdam,XAMS,SAFE_ORTHOPAEDICS
SNOWWORLD,NL0010627865,SNOW,Euronext_Amsterdam,XAMS,FASHION_B_AIR
STERN_GROEP,NL0000336303,STRN,Euronext_Amsterdam,XAMS,THALES_NV
TAKEAWAY,NL0012015705,TKWY,Euronext_Amsterdam,XAMS,BOUSSARD_GAVAUDAN
TELEGRAAF_MEDIA_GR,NL0000386605,TMG,Euronext_Amsterdam,XAMS,AUFEMININ
TETRAGON_FIN_GRP,GG00B1RMC548,TFG,Euronext_Amsterdam,XAMS,ITS_GROUP
THUNDERBIRD,VGG885761061,TBIRD,Euronext_Amsterdam,XAMS,MIKO
TIE_KINETIX,NL0010389508,TIE,Euronext_Amsterdam,XAMS,DEUTSCHE_TELEKOM
TKH_GROUP,NL0000852523,TWEKA,Euronext_Amsterdam,XAMS,ORCHESTRA-PREMAMAN
TOMTOM,NL0000387058,TOM2,Euronext_Amsterdam,XAMS,CERINNOV_GROUP
UNIBAIL-RODAMCO,FR0000124711,UL,Euronext_Amsterdam,XAMS,ROULARTA
UNILEVER_6%,NL0000388742,UNCP6,Euronext_Amsterdam,XAMS,DOC_DATA
UNILEVER_7%,NL0000388726,UNCP7,Euronext_Amsterdam,XAMS,ECOSLOPS
UNILEVER_DR,NL0000009355,UNA,Euronext_Amsterdam,XAMS,IGE_+_XAO
UNILEVER_DR7CP,NL0000388684,UNCC7,Euronext_Amsterdam,XAMS,DIAXONHIT
UNILEVER_OS,NL0000388619,UNIA,Euronext_Amsterdam,XAMS,EXEL_INDUSTRIES
VALUE8,NL0010661864,VALUE,Euronext_Amsterdam,XAMS,EUROPACORP
VALUE8_CUM_PREF,NL0009875483,PREVA,Euronext_Amsterdam,XAMS,ACCSYS
VAN_LANSCHOT,NL0000302636,LANS,Euronext_Amsterdam,XAMS,MANUTAN_INTL
VASTNED,NL0000288918,VASTN,Euronext_Amsterdam,XAMS,OL_GROUPE
VEON,BMG9349W1038,VEON,Euronext_Amsterdam,XAMS,CFM_INDOSUEZWEALTH
VERENIGDE_NED_COMP,NL0009169515,VNC,Euronext_Amsterdam,XAMS,EVOLIS
VOLKERWESSELS,NL0012294466,KVW,Euronext_Amsterdam,XAMS,PATRIS
VOLTA_FINANCE,GG00B1GHHH78,VTA,Euronext_Amsterdam,XAMS,ADA
VOPAK,NL0009432491,VPK,Euronext_Amsterdam,XAMS,SIDETRADE
WERELDHAVE,NL0000289213,WHA,Euronext_Amsterdam,XAMS,NEURONES
WESSANEN,NL0000395317,WES,Euronext_Amsterdam,XAMS,AURES_TECHNOLOGIES
WOLTERS_KLUWER,NL0000395903,WKL,Euronext_Amsterdam,XAMS,GAUSSIN
YATRA,JE00B1FBT077,YATRA,Euronext_Amsterdam,XAMS,ENERTIME
4ENERGY_INVEST,BE0974275076,ENINV,Euronext_Brussels,XBRU,CH.FER_DEPARTEMENT
AB_INBEV,BE0974293251,ABI,Euronext_Brussels,XBRU,VIEL_ET_COMPAGNIE
ABLYNX,BE0003877942,ABLX,Euronext_Brussels,XBRU,CRCAM_TOURAINE_CCI
ABO_GROUP,BE0974278104,ABO,Euronext_Brussels,XBRU,MILIBOO
ACCENTIS,BE0003696102,ACCB,Euronext_Brussels,XBRU,LOCINDUS
ACKERMANS_V.HAAREN,BE0003764785,ACKB,Euronext_Brussels,XBRU,PATRIMOINE_ET_COMM
AEDIFICA,BE0003851681,AED,Euronext_Brussels,XBRU,SMARTPHOTO_GROUP
AGEAS,BE0974264930,AGS,Euronext_Brussels,XBRU,VERENIGDE_NED_COMP
AGFA-GEVAERT,BE0003755692,AGFB,Euronext_Brussels,XBRU,ADVENIS
ANTARES_CERT,BE0003676872,ANT,Euronext_Brussels,XBRU,GENOWAY
ARGENX_SE,NL0010832176,ARGX,Euronext_Brussels,XBRU,CIBOX_INTER_A_CTIV
ASCENCIO,BE0003856730,ASC,Euronext_Brussels,XBRU,CRCAM_ILLE-VIL.CCI
ASIT,BE0974289218,ASIT,Euronext_Brussels,XBRU,MEDIA_CAPITAL
ATENOR,BE0003837540,ATEB,Euronext_Brussels,XBRU,GENERIX
BANIMMO_A,BE0003870871,BANI,Euronext_Brussels,XBRU,INTEL_CORP
BARCO,BE0003790079,BAR,Euronext_Brussels,XBRU,HF
BASILIX_CERT,BE0003674851,BAS,Euronext_Brussels,XBRU,KEYYO
BEAULIEU-AV._CERT,BE0003661726,BEAB,Euronext_Brussels,XBRU,JENSEN-GROUP
BEFIMMO,BE0003678894,BEFB,Euronext_Brussels,XBRU,SIGNAUX_GIROD
BEKAERT,BE0974258874,BEKB,Euronext_Brussels,XBRU,GROUPE_SFPI
BELRECA,BE0020575115,BELR,Euronext_Brussels,XBRU,ASIT
BELUGA,BE0003723377,BELU,Euronext_Brussels,XBRU,BANIMMO_A
BIOCARTIS,BE0974281132,BCART,Euronext_Brussels,XBRU,BATENBURG_TECHNIEK
BONE_THERAPEUTICS,BE0974280126,BOTHE,Euronext_Brussels,XBRU,ROUGIER_S.A.
BPOST,BE0974268972,BPOST,Euronext_Brussels,XBRU,I2S
BQUE_NAT._BELGIQUE,BE0003008019,BNB,Euronext_Brussels,XBRU,PAREF
BREDERODE,LU1068091351,BREB,Euronext_Brussels,XBRU,IDSUD
CAMPINE,BE0003825420,CAMB,Euronext_Brussels,XBRU,GEVELOT
CARE_PROPERTY_INV.,BE0974273055,CPINV,Euronext_Brussels,XBRU,MERCK_AND_CO_INC
CELYAD,BE0974260896,CYAD,Euronext_Brussels,XBRU,GROOTHANDELSGEBOUW
CENERGY,BE0974303357,CENER,Euronext_Brussels,XBRU,DIAGNOSTIC_BS
CFE,BE0003883031,CFEB,Euronext_Brussels,XBRU,TELECOM_ITALIA_SPA
CIE_BOIS_SAUVAGE,BE0003592038,COMB,Euronext_Brussels,XBRU,DNXCORP
COFINIMMO,BE0003593044,COFB,Euronext_Brussels,XBRU,BROOKFIELD_ASSET_M
COFINIMMO_PRIV1,BE0003811289,COFP1,Euronext_Brussels,XBRU,MR_BRICOLAGE
COFINIMMO_PRIV2,BE0003813301,COFP2,Euronext_Brussels,XBRU,RORENTO_CLASS_DH_E
COLRUYT,BE0974256852,COLR,Euronext_Brussels,XBRU,WITBE
CONNECT_GROUP,BE0003786036,CONN,Euronext_Brussels,XBRU,AVENIR_TELECOM
D''IETEREN,BE0974259880,DIE,Euronext_Brussels,XBRU,CORE_LABORATORIES
DALENYS,BE0946620946,NYS,Euronext_Brussels,XBRU,AND_INTERNATIONAL
DECEUNINCK,BE0003789063,DECB,Euronext_Brussels,XBRU,FONCIERE_EURIS
DEXIA,BE0974290224,DEXB,Euronext_Brussels,XBRU,YMAGIS
DIEGEM_KENNEDYCERT,BE0003698124,DIEG,Euronext_Brussels,XBRU,4ENERGY_INVEST
DISTRI-LAND_CERT,BE0003605160,DISL,Euronext_Brussels,XBRU,IMMOB.DASSAULT
ECKERT-ZIEGLER_BG,BE0974300320,EZBG,Euronext_Brussels,XBRU,PLANT_ADVANCED
ECONOCOM_GROUP,BE0974266950,ECONB,Euronext_Brussels,XBRU,GROUPE_FLO
ELIA,BE0003822393,ELI,Euronext_Brussels,XBRU,SPIR_COMMUNICATION
ENVIPCO,NL0009901610,ENVI,Euronext_Brussels,XBRU,SOFIBUS_PATRIMOINE
EURONAV,BE0003816338,EURN,Euronext_Brussels,XBRU,INSTALLUX
EVS_BROADC.EQUIPM.,BE0003820371,EVS,Euronext_Brussels,XBRU,GUERBET_NV
EXMAR,BE0003808251,EXM,Euronext_Brussels,XBRU,ASSICURAZ.GEN.ORD.
FAGRON,BE0003874915,FAGR,Euronext_Brussels,XBRU,LUZ_SAUDE
FLORIDIENNE,BE0003215143,FLOB,Euronext_Brussels,XBRU,BELRECA
FLUXYS_BELGIUM_D,BE0974265945,FLUX,Euronext_Brussels,XBRU,LANSON-BCC
FOUNTAIN,BE0003752665,FOU,Euronext_Brussels,XBRU,VERIZON_COMM.
GBL,BE0003797140,GBLB,Euronext_Brussels,XBRU,QUANGENBS15SEP2018
GENK_LOGIST._CERT,BE0003740546,GENK,Euronext_Brussels,XBRU,BAINS_MER_MONACO
GIMV,BE0003699130,GIMB,Euronext_Brussels,XBRU,ROODMICROTEC
GLOBAL_GRAPHICS,GB00BYN5BY03,GLOG,Euronext_Brussels,XBRU,DRONE_VOLT
GREENYARD,BE0003765790,GREEN,Euronext_Brussels,XBRU,SQLI_BSAR042018
HAMON,BE0003700144,HAMO,Euronext_Brussels,XBRU,MONCEY_(FIN.)_NOM.
HOME_INVEST_BE.,BE0003760742,HOMI,Euronext_Brussels,XBRU,TELEFONICA
IBA,BE0003766806,IBAB,Euronext_Brussels,XBRU,CONCOURSMANIA
IEP_INVEST,BE0003748622,IEP,Euronext_Brussels,XBRU,ORAPI
IMMO_MCC,BE0974287196,MCC,Euronext_Brussels,XBRU,CYBERGUN
IMMO_MOURY,BE0003893139,IMMOU,Euronext_Brussels,XBRU,LUX-AIRPORT_CERT
IMMOBEL,BE0003599108,IMMO,Euronext_Brussels,XBRU,MADVERTISE
INTERVEST_OFF-WARE,BE0003746600,INTO,Euronext_Brussels,XBRU,OSMOZIS
JENSEN-GROUP,BE0003858751,JEN,Euronext_Brussels,XBRU,CISCO_SYSTEM_INC
KBC,BE0003565737,KBC,Euronext_Brussels,XBRU,PRISMAFLEX_INTL
KBC_ANCORA,BE0003867844,KBCA,Euronext_Brussels,XBRU,BOURSE_DIRECT
KEYWARE_TECH.,BE0003880979,KEYW,Euronext_Brussels,XBRU,GPE_GROUP_PIZZORNO
KINEPOLIS_GROUP,BE0974274061,KIN,Euronext_Brussels,XBRU,ANTEVENIO
KORTRIJK_SHOP.CERT,BE0003608198,KOR,Euronext_Brussels,XBRU,FIN.ETANG_BERRE
LEASINVEST,BE0003770840,LEAS,Euronext_Brussels,XBRU,SABETON
LOTUS_BAKERIES,BE0003604155,LOTB,Euronext_Brussels,XBRU,KKO_INTERNATIONAL
LUX-AIRPORT_CERT,LU0092846210,LUXA,Euronext_Brussels,XBRU,KEYWARE_TECH.
MDXHEALTH,BE0003844611,MDXH,Euronext_Brussels,XBRU,CRCAM_ALP.PROV.CCI
MEDIVISION,IL0010846314,MEDV,Euronext_Brussels,XBRU,PAYTON_PLANAR
MELEXIS,BE0165385973,MELE,Euronext_Brussels,XBRU,GAUMONT
MIKO,BE0003731453,MIKO,Euronext_Brussels,XBRU,LYSOGENE
MITHRA,BE0974283153,MITRA,Euronext_Brussels,XBRU,INNOVEOX
MONTEA_C.V.A.,BE0003853703,MONT,Euronext_Brussels,XBRU,LACROIX_SA
MOPOLI,NL0000488153,MOP,Euronext_Brussels,XBRU,SAPMER
MOPOLI_FOND,NL0000488161,MOPF,Euronext_Brussels,XBRU,SCANDINAVIAN_HOUSE
MOURY_CONSTRUCT,BE0003602134,MOUR,Euronext_Brussels,XBRU,CRCAM_MORBIHAN_CCI
NEUFCOUR-FIN.,BE0003680916,NEU,Euronext_Brussels,XBRU,NWE_NED_AM_HYP_BK
NR21,FR0004166155,NR21,Euronext_Brussels,XBRU,RAMSAY_GEN_SANTE
NYRSTAR,BE0974294267,NYR,Euronext_Brussels,XBRU,BACCARAT
OIM,GB00B063YS85,OIM,Euronext_Brussels,XBRU,ZENITEL
ONTEX_GROUP,BE0974276082,ONTEX,Euronext_Brussels,XBRU,REWORLD_MEDIA
OPTION,BE0003836534,OPTI,Euronext_Brussels,XBRU,PARFEX
ORANGE_BELGIUM,BE0003735496,OBEL,Euronext_Brussels,XBRU,MOPOLI_FOND
ORCOBSAAR1219,XS0290764728,ORCOW,Euronext_Brussels,XBRU,ASTELLIA
PAYTON_PLANAR,IL0010830391,PAY,Euronext_Brussels,XBRU,REALDOLMEN
PCB,BE0003503118,PCBB,Euronext_Brussels,XBRU,MOURY_CONSTRUCT
PICANOL,BE0003807246,PIC,Euronext_Brussels,XBRU,DPA_GROUP
PROXIMUS,BE0003810273,PROX,Euronext_Brussels,XBRU,MEMSCAP_REGPT
QRF,BE0974272040,QRF,Euronext_Brussels,XBRU,PCB
QUESTFOR_GR-PRICAF,BE0003730448,QFG,Euronext_Brussels,XBRU,UNION_PAC_CORP
REALDOLMEN,BE0003899193,REA,Euronext_Brussels,XBRU,MEDASYS
RECTICEL,BE0003656676,REC,Euronext_Brussels,XBRU,TIPIAK
RESILUX,BE0003707214,RES,Euronext_Brussels,XBRU,BRILL_KON
RETAIL_ESTATES,BE0003720340,RET,Euronext_Brussels,XBRU,ROBERTET_CI
ROSIER,BE0003575835,ENGB,Euronext_Brussels,XBRU,CS_(COMM.SYSTEMES)
ROULARTA,BE0003741551,ROU,Euronext_Brussels,XBRU,ASSIMA
RTL_GROUP,LU0061462528,RTL,Euronext_Brussels,XBRU,BOLLORE_NV
SABCA,BE0003654655,SAB,Euronext_Brussels,XBRU,MOPOLI
SAPEC,BE0003625366,SAP,Euronext_Brussels,XBRU,1000MERCIS
SCHEERD.V_KERCHOVE,BE0012378593,SCHD,Euronext_Brussels,XBRU,TEIXEIRA_DUARTE
SIOEN,BE0003743573,SIOE,Euronext_Brussels,XBRU,THERACLION
SIPEF,BE0003898187,SIP,Euronext_Brussels,XBRU,PRIMECITY
SMARTPHOTO_GROUP,BE0003663748,SMAR,Euronext_Brussels,XBRU,OCEASOFT
SOFINA,BE0003717312,SOF,Euronext_Brussels,XBRU,EDUNIVERSAL
SOLVAC_NOM(RETAIL),BE0003545531,SOLV,Euronext_Brussels,XBRU,PERRIER_(GERARD)
SOLVAY,BE0003470755,SOLB,Euronext_Brussels,XBRU,CAMBODGE_NOM.
SPADEL,BE0003798155,SPA,Euronext_Brussels,XBRU,CIMPOR
ST.GUDULE-PL._CERT,BE0003620318,SAIG,Euronext_Brussels,XBRU,CATERING_INTL_SCES
SUCRAF_A_&_B,BE0003463685,SUCR,Euronext_Brussels,XBRU,TRILOGIQ
TELENET_GROUP,BE0003826436,TNET,Euronext_Brussels,XBRU,XPO_LOGISTICS
TER_BEKE,BE0003573814,TERB,Euronext_Brussels,XBRU,AWOX
TESSENDERLO,BE0003555639,TESB,Euronext_Brussels,XBRU,TIVOLY
TEXAF,BE0974263924,TEXF,Euronext_Brussels,XBRU,FOUNTAIN
THROMBOGENICS,BE0003846632,THR,Euronext_Brussels,XBRU,SCHEERD.V_KERCHOVE
TIGENIX,BE0003864817,TIG,Euronext_Brussels,XBRU,WOL._EXTENS._CERT
TINC,BE0974282148,TINC,Euronext_Brussels,XBRU,SAVONNERIE_NYONS
TUBIZE-FIN,BE0003823409,TUB,Euronext_Brussels,XBRU,VIKTORIA_INVEST
UCB,BE0003739530,UCB,Euronext_Brussels,XBRU,FONCIERE_ATLAND
UMICORE,BE0003884047,UMI,Euronext_Brussels,XBRU,AGROGENERATION
UNITRONICS,IL0010838311,UNITB,Euronext_Brussels,XBRU,SBT
VAN_DE_VELDE,BE0003839561,VAN,Euronext_Brussels,XBRU,DISTRI-LAND_CERT
VASTNED_RETAIL_BEL,BE0003754687,VASTB,Euronext_Brussels,XBRU,BRAS.OUEST_AFRIC.
VGP,BE0003878957,VGP,Euronext_Brussels,XBRU,EMAKINA_GROUP
VIOHALCO,BE0974271034,VIO,Euronext_Brussels,XBRU,REALCO
WAREHOUSES,BE0003734481,WEB,Euronext_Brussels,XBRU,DEBFLEX
WDP,BE0003763779,WDP,Euronext_Brussels,XBRU,SOFTIMAT
WERELDHAVE_BELGIUM,BE0003724383,WEHB,Euronext_Brussels,XBRU,MUNCHENER_RUCKVERS
WOL._EXTENS._CERT,BE0003600112,WOLE,Euronext_Brussels,XBRU,DRDGOLD
WOL._SHOPPING_CERT,BE0003571792,WOLS,Euronext_Brussels,XBRU,FNG_N.V.
XIOR,BE0974288202,XIOR,Euronext_Brussels,XBRU,FUDAKIN
ZENITEL,BE0974311434,ZENT,Euronext_Brussels,XBRU,NEOLIFE
ZENOBE_GRAMME_CERT,BE0003809267,ZEN,Euronext_Brussels,XBRU,SERMA_TECHNOLOGIES
ZETES_INDUSTRIES,BE0003827442,ZTS,Euronext_Brussels,XBRU,HOPSCOTCH_GROUPE
ALTRI_SGPS,PTALT0AE0002,ALTR,Euronext_Lisbon,XLIS,BIOSYNEX
B.COM.PORTUGUES,PTBCP0AM0015,BCP,Euronext_Lisbon,XLIS,CONSTELLIUM
BANCO_BPI,PTBPI0AM0004,BPI,Euronext_Lisbon,XLIS,LEBON
BANCO_SANTANDER,ES0113900J37,SANT,Euronext_Lisbon,XLIS,ECA
BENFICA,PTSLB0AM0010,SLBEN,Euronext_Lisbon,XLIS,PROP.IMMEUBLES
COMPTA,PTCOM0AE0007,COMAE,Euronext_Lisbon,XLIS,TEXAF
CORTICEIRA_AMORIM,PTCOR0AE0006,COR,Euronext_Lisbon,XLIS,VIOHALCO
CTT_CORREIOS_PORT,PTCTT0AM0001,CTT,Euronext_Lisbon,XLIS,HOLLAND_COLOURS
EDP,PTEDP0AM0009,EDP,Euronext_Lisbon,XLIS,VIADEO
EDP_RENOVAVEIS,ES0127797019,EDPR,Euronext_Lisbon,XLIS,POL-ROGER_CHAMPAGN
ESTORIL_SOL_N,PTESO0AM0000,ESON,Euronext_Lisbon,XLIS,AFONE
ESTORIL_SOL_P,PTESO0AE0000,ESO,Euronext_Lisbon,XLIS,GASCOGNE
EURONEXT,NL0006294274,ENXP,Euronext_Lisbon,XLIS,PISCINES_DESJOYAUX
F.RAMA,PTFRV0AE0004,RAM,Euronext_Lisbon,XLIS,CAST
FUT.CLUBE_PORTO,PTFCP0AM0008,FCP,Euronext_Lisbon,XLIS,EAUX_DE_ROYAN
GALP_ENERGIA-NOM,PTGAL0AM0009,GALP,Euronext_Lisbon,XLIS,NR21
GLINTT,PTPAD0AM0007,GLINT,Euronext_Lisbon,XLIS,VDI_GROUP
IMOB.C_GRAO_PARA,PTGPA0AP0007,GPA,Euronext_Lisbon,XLIS,GLOBAL_GRAPHICS
INAPA-INV.P.GESTAO,PTINA0AP0008,INA,Euronext_Lisbon,XLIS,POUJOULAT
INAPA-PREF_S/_VOTO,PTINA2VP0019,INAP,Euronext_Lisbon,XLIS,SMALTO_BSA
LISGRAFICA,PTLIG0AE0002,LIG,Euronext_Lisbon,XLIS,EUROFINS_NV
LUZ_SAUDE,PTEPT0AM0005,LUZ,Euronext_Lisbon,XLIS,TIE_KINETIX
MARTIFER,PTMFR0AM0003,MAR,Euronext_Lisbon,XLIS,PEPSICO
MEDIA_CAPITAL,PTGMC0AM0003,MCP,Euronext_Lisbon,XLIS,RADIALL
MONTEPIO,PTCMHUIM0015,MPIO,Euronext_Lisbon,XLIS,TEAM
MOTA_ENGIL,PTMEN0AE0005,EGL,Euronext_Lisbon,XLIS,TOYOTA_CAETANO
OREY_ANTUNES_ESC.,PTORE0AM0002,ORE,Euronext_Lisbon,XLIS,COFINIMMO_PRIV2
PHAROL,PTPTC0AM0009,PHR,Euronext_Lisbon,XLIS,CEGEREAL
REN,PTREL0AM0008,RENE,Euronext_Lisbon,XLIS,MAISON_CLIO_BLUE
SAG_GEST,PTSAG0AE0004,SVA,Euronext_Lisbon,XLIS,FERM.CAS.MUN.CANNE
SDC_INV.,PTSCO0AE0004,SDCAE,Euronext_Lisbon,XLIS,SABCA
SDC_INV.-PREF.,PTSCO0VE0009,SDCP,Euronext_Lisbon,XLIS,HEXCEL
SEMAPA,PTSEM0AM0004,SEM,Euronext_Lisbon,XLIS,NOXXON
SONAE,PTSON0AM0001,SON,Euronext_Lisbon,XLIS,DEXIA
SONAE_CAPITAL,PTSNP0AE0008,SONC,Euronext_Lisbon,XLIS,CH.FER_VAR_GARD_N.
SONAE_IND.SGPS,PTS3P0AM0017,SONI,Euronext_Lisbon,XLIS,ABCARBIBSAA29JUN18
SPORTING,PTSCP0AM0001,SCP,Euronext_Lisbon,XLIS,OFFICIIS_PROPERTIE
SUMOL+COMPAL,PTSML0AM0009,SUCO,Euronext_Lisbon,XLIS,TETRAGON_FIN_GRP
TEIXEIRA_DUARTE,PTTD10AM0000,TDSA,Euronext_Lisbon,XLIS,DL_SOFTWARE
THE_NAVIGATOR_COMP,PTPTI0AM0006,NVG,Euronext_Lisbon,XLIS,UNILEVER_7%
TOYOTA_CAETANO,PTSCT0AP0018,SCT,Euronext_Lisbon,XLIS,LEXIBOOK_LINGUIST.
VAA_VISTA_ALEGRE,PTVAA0AE0001,VAF,Euronext_Lisbon,XLIS,TECHNOFIRST
A.S.T._GROUPE,FR0000076887,ASP,Euronext_Paris,XPAR,SOFT_COMPUTING
AB_SCIENCE,FR0010557264,AB,Euronext_Paris,XPAR,CLASQUIN
ABBVIE,US00287Y1091,ABBV,Euronext_Paris,XPAR,OIM
ABC_ARBITRAGE,FR0004040608,ABCA,Euronext_Paris,XPAR,ZCI_LIMITED
ABEO,FR0013185857,ABEO,Euronext_Paris,XPAR,MONEY_EXPRESS
ABIVAX,FR0012333284,ABVX,Euronext_Paris,XPAR,BENI_STABILI
ACANTHE_DEV.,FR0000064602,ACAN,Euronext_Paris,XPAR,HOT.MAJESTIC_CANNE
ACCOR,FR0000120404,AC,Euronext_Paris,XPAR,CCA_INTERNATIONAL
ACTEOS,FR0000076861,EOS,Euronext_Paris,XPAR,MOULINVEST
ACTIA_GROUP,FR0000076655,ATI,Euronext_Paris,XPAR,CAFOM
ADC_SIIC,BE0974269012,ALDV,Euronext_Paris,XPAR,CAMPINE
ADL_PARTNER,FR0000062978,ALP,Euronext_Paris,XPAR,ATRIUM_EUR_REALEST
ADOCIA,FR0011184241,ADOC,Euronext_Paris,XPAR,ACCENTIS
ADP,FR0010340141,ADP,Euronext_Paris,XPAR,FINANCIER_CROI_INV
ADVENIS,FR0004152874,ADV,Euronext_Paris,XPAR,EXPLOS.PROD.CHI.PF
ADVINI,FR0000053043,ADVI,Euronext_Paris,XPAR,LEON_GROSSE
AFFINE_R.E.,FR0000036105,IML,Euronext_Paris,XPAR,FREY
AFONE,FR0000044612,AFO,Euronext_Paris,XPAR,LDC
AGTA_RECORD,CH0008853209,AGTA,Euronext_Paris,XPAR,ALTAREIT
AIR_FRANCE_-KLM,FR0000031122,AF,Euronext_Paris,XPAR,IMMO_MOURY
AIR_LIQUIDE,FR0000120073,AI,Euronext_Paris,XPAR,GRAINES_VOLTZ
AIRBUS,NL0000235190,AIR,Euronext_Paris,XPAR,IEX_GROUP_NV
AKKA_TECHNOLOGIES,FR0004180537,AKA,Euronext_Paris,XPAR,MICROSOFT_CORP_SPL
ALBIOMA,FR0000060402,ABIO,Euronext_Paris,XPAR,MICROSKIN
ALPES_(COMPAGNIE),FR0000053324,CDA,Euronext_Paris,XPAR,GREEN_ENERGY_GE4S
ALPHA_MOS,FR0000062804,ALM,Euronext_Paris,XPAR,FIRSTCAUTION
ALSTOM,FR0010220475,ALO,Euronext_Paris,XPAR,MAROC_TELECOM
ALSTOM_NV,FR0013245776,ALONV,Euronext_Paris,XPAR,DIEGEM_KENNEDYCERT
ALTAMIR,FR0000053837,LTA,Euronext_Paris,XPAR,VALNEVA_PREF
ALTAREA,FR0000033219,ALTA,Euronext_Paris,XPAR,UNITRONICS
ALTAREIT,FR0000039216,AREIT,Euronext_Paris,XPAR,CO.BR.HA
ALTEN,FR0000071946,ATE,Euronext_Paris,XPAR,TRAMWAYS_DE_ROUEN
ALTRAN_TECHN.,FR0000034639,ALT,Euronext_Paris,XPAR,BANCO_SANTANDER
ALTUR_INVEST.,FR0010395681,ALTUR,Euronext_Paris,XPAR,MARTIFER
AMOEBA,FR0011051598,AMEBA,Euronext_Paris,XPAR,BIOCORP
AMPLITUDE_SURGICAL,FR0012789667,AMPLI,Euronext_Paris,XPAR,AGROGENERATION_NV
AMUNDI,FR0004125920,AMUN,Euronext_Paris,XPAR,ST.GUDULE-PL._CERT
ANF_IMMOBILIER,FR0000063091,ANF,Euronext_Paris,XPAR,INNELEC_MULTIMEDIA
APRIL,FR0004037125,APR,Euronext_Paris,XPAR,CHEOPS_TECHNOLOGY
ARCHOS,FR0000182479,JXR,Euronext_Paris,XPAR,CONNECT_GROUP
AREVA,FR0011027143,AREVA,Euronext_Paris,XPAR,ORANJEWOUD_A
ARGAN,FR0010481960,ARG,Euronext_Paris,XPAR,WEYA
ARKEMA,FR0010313833,AKE,Euronext_Paris,XPAR,SPEED_RABBIT_PIZZA
ARKEMA_NV,FR0013222932,AKENV,Euronext_Paris,XPAR,ALTUR_INVEST.
ARTEA,FR0012185536,ARTE,Euronext_Paris,XPAR,EUROFINS_CEREP
ARTOIS_NOM.,FR0000076952,ARTO,Euronext_Paris,XPAR,GOLD_BY_GOLD
ARTPRICE_COM,FR0000074783,PRC,Euronext_Paris,XPAR,I.CERAM
ASK,FR0011980077,ASK,Euronext_Paris,XPAR,TOOLUX_SANDING
ASSYSTEM,FR0000074148,ASY,Euronext_Paris,XPAR,GEA_GRENOBL.ELECT.
ATARI,FR0010478248,ATA,Euronext_Paris,XPAR,LAVIDE_HOLDING
ATEME,FR0011992700,ATEME,Euronext_Paris,XPAR,ISA
ATOS,FR0000051732,ATO,Euronext_Paris,XPAR,FREELANCE.COM
ATOS_SE_NV,FR0013227550,ATONV,Euronext_Paris,XPAR,LSK
ATTIJARIWAFA_BANK,MA0000011827,BCMA,Euronext_Paris,XPAR,SODITECH
AUBAY,FR0000063737,AUB,Euronext_Paris,XPAR,ITESOFT
AUFEMININ,FR0004042083,FEM,Euronext_Paris,XPAR,GECI_INTL_BS
AUGROS_COSMETICS,FR0000061780,AUGR,Euronext_Paris,XPAR,MILLET_INNOVATION
AUREA,FR0000039232,AURE,Euronext_Paris,XPAR,CAIRE
AURES_TECHNOLOGIES,FR0013183589,AURS,Euronext_Paris,XPAR,ATOS_SE_NV
AVANQUEST,FR0004026714,AVQ,Euronext_Paris,XPAR,OCCIDENTAL_PETROL.
AVENIR_TELECOM,FR0000066052,AVT,Euronext_Paris,XPAR,IEP_INVEST
AVIATION_LATECOERE,FR0000032278,LAT,Euronext_Paris,XPAR,HAMON
AWOX,FR0011800218,AWOX,Euronext_Paris,XPAR,EAUX_DE_DOUAI
AXA,FR0000120628,CS,Euronext_Paris,XPAR,TXCELL_ABSA_FEB18
AXWAY_SOFTWARE,FR0011040500,AXW,Euronext_Paris,XPAR,GDS_(S)_RUSAL
BACCARAT,FR0000064123,BCRA,Euronext_Paris,XPAR,CANDELA_INVEST
BAINS_MER_MONACO,MC0000031187,BAIN,Euronext_Paris,XPAR,CONDURIL
BARBARA_BUI,FR0000062788,BUI,Euronext_Paris,XPAR,FROMAGERIES_BEL
BASTIDE_LE_CONFORT,FR0000035370,BLC,Euronext_Paris,XPAR,SUMOL+COMPAL
BELIER,FR0000072399,BELI,Euronext_Paris,XPAR,GLINTT
BENETEAU,FR0000035164,BEN,Euronext_Paris,XPAR,MICROBSAR15DEC18
BENI_STABILI,IT0001389631,BNS,Euronext_Paris,XPAR,THUNDERBIRD
BIC,FR0000120966,BB,Euronext_Paris,XPAR,M2I
BIGBEN_INTERACTIVE,FR0000074072,BIG,Euronext_Paris,XPAR,SI_PARTICIPATIONS
BIOMERIEUX,FR0010096479,BIM,Euronext_Paris,XPAR,SELECTIRENTE
BLEECKER,FR0000062150,BLEE,Euronext_Paris,XPAR,LEADMEDIA_GROUP
BLUE,FR0011592104,BLUE,Euronext_Paris,XPAR,VALONEO
BNP_PARIBAS_ACT.A,FR0000131104,BNP,Euronext_Paris,XPAR,OXIS_INTL
BOIRON,FR0000061129,BOI,Euronext_Paris,XPAR,HYDRAULIQUE_PB
BOLLORE,FR0000039299,BOL,Euronext_Paris,XPAR,DOM_SECURITY
BOLLORE_NV,FR0013201365,BOLNV,Euronext_Paris,XPAR,CEGIDBAAR2NOV2018
BONDUELLE,FR0000063935,BON,Euronext_Paris,XPAR,COFINIMMO_PRIV1
BOURBON_CORP.,FR0004548873,GBB,Euronext_Paris,XPAR,ENVIPCO
BOURSE_DIRECT,FR0000074254,BSD,Euronext_Paris,XPAR,DIGIGRAM
BOUYGUES,FR0000120503,EN,Euronext_Paris,XPAR,FILAE
BRAS.OUEST_AFRIC.,SN0008626971,BOAF,Euronext_Paris,XPAR,GROUPE_IRD
BRASSERIE_CAMEROUN,CM0000035113,BCAM,Euronext_Paris,XPAR,AQUILA
BUREAU_VERITAS,FR0006174348,BVI,Euronext_Paris,XPAR,FDL
BURELLE,FR0000061137,BUR,Euronext_Paris,XPAR,SPOREVER
BUSINESS_ET_DECIS.,FR0000078958,BND,Euronext_Paris,XPAR,GUY_DEGRENNE
CA_TOULOUSE_31_CCI,FR0000045544,CAT31,Euronext_Paris,XPAR,BATLA_MINERALS
CAFOM,FR0010151589,CAFO,Euronext_Paris,XPAR,BOUSSARD_GHL_GBP
CAMBODGE_NOM.,FR0000079659,CBDG,Euronext_Paris,XPAR,ACCES_INDUSTRIE
CAP_GEMINI,FR0000125338,CAP,Euronext_Paris,XPAR,F.RAMA
CAPELLI,FR0012969095,CAPLI,Euronext_Paris,XPAR,ENCRES_DUBUIT
CARDETY,FR0010828137,CARD,Euronext_Paris,XPAR,FORESTIERE_EQUAT.
CARPINIENNE_PART.,FR0000064156,CARP,Euronext_Paris,XPAR,GEL_GROUPE
CARREFOUR,FR0000120172,CA,Euronext_Paris,XPAR,THERMES_DE_SAUJON
CASINO_GUICHARD,FR0000125585,CO,Euronext_Paris,XPAR,HORIZONTALSOFTWARE
CAST,FR0000072894,CAS,Euronext_Paris,XPAR,METHANOR
CATANA_GROUP,FR0010193052,CATG,Euronext_Paris,XPAR,LILLY_AND_CO
CATERING_INTL_SCES,FR0000064446,CTRG,Euronext_Paris,XPAR,IMMERSION
CATERPILLAR_INC,US1491231015,CATR,Euronext_Paris,XPAR,STRADIM_ESPAC.FIN
CBO_TERRITORIA,FR0010193979,CBOT,Euronext_Paris,XPAR,EXPLOSIFS_PROD.CHI
CCA_INTERNATIONAL,FR0000078339,CCA,Euronext_Paris,XPAR,HUNTER_DOUGLAS
CEGEDIM,FR0000053506,CGM,Euronext_Paris,XPAR,PROCTER_GAMBLE
CEGEREAL,FR0010309096,CGR,Euronext_Paris,XPAR,OLMIX
CEGID_GROUP,FR0000124703,CGD,Euronext_Paris,XPAR,IFF
CEGIDBAAR1NOV2017,FR0010928093,CGDBA,Euronext_Paris,XPAR,EUROMEDIS_GROUPE
CEGIDBAAR2NOV2018,FR0010928119,CGDBB,Euronext_Paris,XPAR,ROBERTET_CDV_87
CELLNOVO,FR0012633360,CLNV,Euronext_Paris,XPAR,EUROGERM
CERENIS,FR0012616852,CEREN,Euronext_Paris,XPAR,OBER
CFI,FR0000037475,CFI,Euronext_Paris,XPAR,HYDRO-EXPLOIT.
CGG,FR0013181864,CGG,Euronext_Paris,XPAR,VALUE8_CUM_PREF
CHARGEURS,FR0000130692,CRI,Euronext_Paris,XPAR,MONFINANCIER
CHAUF.URB.,FR0000052896,CHAU,Euronext_Paris,XPAR,SONAECOM
CHAUSSERIA,FR0000060907,CHSR,Euronext_Paris,XPAR,EUROPUBLIDIS
CHRISTIAN_DIOR,FR0000130403,CDI,Euronext_Paris,XPAR,INFOSYS_LTD_ADS
CIBOX_INTER_A_CTIV,FR0000054322,CIB,Euronext_Paris,XPAR,TELEGRAAF_MEDIA_GR
CIC,FR0005025004,CC,Euronext_Paris,XPAR,INTEXA
CNIM_CONSTR.FRF_10,FR0000053399,COM,Euronext_Paris,XPAR,TRONICS
CNOVA,NL0010949392,CNV,Euronext_Paris,XPAR,VERNEY_CARRON
CNP_ASSURANCES,FR0000120222,CNP,Euronext_Paris,XPAR,PLACOPLATRE
COFACE,FR0010667147,COFA,Euronext_Paris,XPAR,FINATIS
COHERIS,FR0004031763,COH,Euronext_Paris,XPAR,IVALIS
COLAS,FR0000121634,RE,Euronext_Paris,XPAR,MAKHEIA_GROUP
CONSTELLIUM,NL0010489522,CSTM,Euronext_Paris,XPAR,UNILEVER_DR7CP
COURTOIS,FR0000065393,COUR,Euronext_Paris,XPAR,NOVAE_AEROSPACE
CRCAM_ALP.PROV.CCI,FR0000044323,CRAP,Euronext_Paris,XPAR,ANTARES_CERT
CRCAM_ATL.VEND.CCI,FR0000185506,CRAV,Euronext_Paris,XPAR,LAFUMA
CRCAM_BRIE_PIC2CCI,FR0010483768,CRBP2,Euronext_Paris,XPAR,TRANSINSULAR
CRCAM_ILLE-VIL.CCI,FR0000045213,CIV,Euronext_Paris,XPAR,ABBVIE
CRCAM_LANGUED_CCI,FR0010461053,CRLA,Euronext_Paris,XPAR,ADOMOS_BS
CRCAM_LOIRE_HTE_L.,FR0000045239,CRLO,Euronext_Paris,XPAR,MAIS.ANTOINE_BAUD
CRCAM_MORBIHAN_CCI,FR0000045551,CMO,Euronext_Paris,XPAR,CTA_HOLDING
CRCAM_NORD_CCI,FR0000185514,CNF,Euronext_Paris,XPAR,COURTOIS
CRCAM_NORM.SEINE,FR0000044364,CCN,Euronext_Paris,XPAR,BASILIX_CERT
CRCAM_PARIS_ET_IDF,FR0000045528,CAF,Euronext_Paris,XPAR,ABO_GROUP
CRCAM_SUD_R.A.CCI,FR0000045346,CRSU,Euronext_Paris,XPAR,A2MICILE_EUROPE
CRCAM_TOURAINE_CCI,FR0000045304,CRTO,Euronext_Paris,XPAR,UNITI
CREDIT_AGRICOLE,FR0000045072,ACA,Euronext_Paris,XPAR,SAG_GEST
CROSSWOOD,FR0000050395,CROS,Euronext_Paris,XPAR,FUT.CLUBE_PORTO
CS_(COMM.SYSTEMES),FR0007317813,SX,Euronext_Paris,XPAR,SPADEL
DALET,FR0011026749,DLT,Euronext_Paris,XPAR,ARTEA
DANE_ELEC_MEMORY,FR0000036774,DAN,Euronext_Paris,XPAR,HOCHE_BAINS_L.BAIN
DANONE,FR0000120644,BN,Euronext_Paris,XPAR,TXCOM
DASSAULT_AVIATION,FR0000121725,AM,Euronext_Paris,XPAR,BOEING_COMPANY
DASSAULT_SYST_NV,FR0013227386,DSYNV,Euronext_Paris,XPAR,GROUPE_RIVALIS
DASSAULT_SYSTEMES,FR0000130650,DSY,Euronext_Paris,XPAR,ST_GOBAIN_NV
DBV_TECHNOLOGIES,FR0010417345,DBV,Euronext_Paris,XPAR,EO2
DELTA_PLUS_GROUP,FR0012928612,DLTA,Euronext_Paris,XPAR,DALET
DERICHEBOURG,FR0000053381,DBG,Euronext_Paris,XPAR,CFI
DEVOTEAM,FR0000073793,DVT,Euronext_Paris,XPAR,NEOCOM_MULTIMEDIA
DIAGEO,GB0002374006,DGE,Euronext_Paris,XPAR,O_SORBET_D'AMOUR
DIAGNOSTIC_BS,FR0012314623,DGMBS,Euronext_Paris,XPAR,IDS
DIAGNOSTIC_MEDICAL,FR0012202497,DGM,Euronext_Paris,XPAR,E.ON_SE
DIGIGRAM,FR0000035784,DIG,Euronext_Paris,XPAR,LA_FONCIERE_VERTE
DIRECT_ENERGIE,FR0004191674,DIREN,Euronext_Paris,XPAR,NSC_GROUPE
DNXCORP,FR0010436584,DNX,Euronext_Paris,XPAR,SCEMI
DOCK.PETR.AMBES_AM,FR0000065260,DPAM,Euronext_Paris,XPAR,ARKEMA_NV
DOM_SECURITY,FR0000052839,DOMS,Euronext_Paris,XPAR,ST_DUPONT
ECA,FR0010099515,ECASA,Euronext_Paris,XPAR,USG
EDENRED,FR0010908533,EDEN,Euronext_Paris,XPAR,KRIEF_GROUP
EDF,FR0010242511,EDF,Euronext_Paris,XPAR,COLIPAYS
EGIDE,FR0000072373,GID,Euronext_Paris,XPAR,SONAGI
EIFFAGE,FR0000130452,FGR,Euronext_Paris,XPAR,LV4S
EKINOPS,FR0011466069,EKI,Euronext_Paris,XPAR,UNILEVER_6%
ELEC.STRASBOURG,FR0000031023,ELEC,Euronext_Paris,XPAR,MUSEE_GREVIN
ELECTRO_POWER,FR0012650166,EPS,Euronext_Paris,XPAR,DIETSWELL
ELIOR_GROUP,FR0011950732,ELIOR,Euronext_Paris,XPAR,NEUFCOUR-FIN.
ELIS,FR0012435121,ELIS,Euronext_Paris,XPAR,TELEVISTA
ENCRES_DUBUIT,FR0004030708,DBT,Euronext_Paris,XPAR,WEBORAMA
ENGIE,FR0010208488,ENGI,Euronext_Paris,XPAR,A_TOUTE_VITESSE
EOS_IMAGING,FR0011191766,EOSI,Euronext_Paris,XPAR,ACEP_FRANCE
ERAMET,FR0000131757,ERA,Euronext_Paris,XPAR,CATERPILLAR_INC
ERYTECH_PHARMA,FR0011471135,ERYP,Euronext_Paris,XPAR,DOLPHIN_INTEGRAT.
ESI_GROUP,FR0004110310,ESI,Euronext_Paris,XPAR,RAPHAEL_MICHEL_S_A
ESSILOR_INTL.,FR0000121667,EI,Euronext_Paris,XPAR,COMPTA
ESSO,FR0000120669,ES,Euronext_Paris,XPAR,INAPA-INV.P.GESTAO
ETAM_DEVELOPPEMENT,FR0000035743,TAM,Euronext_Paris,XPAR,TELECOM_DESIGN
EULER_HERMES_GROUP,FR0004254035,ELE,Euronext_Paris,XPAR,BENFICA
EURASIA_FONC_INV,FR0000061475,EFI,Euronext_Paris,XPAR,FAYENC.SARREGUEMI.
EURAZEO,FR0000121121,RF,Euronext_Paris,XPAR,ADC_SIIC
EURO_DISNEY,FR0010540740,EDL,Euronext_Paris,XPAR,BARBARA_BUI
EURO_RESSOURCES,FR0000054678,EUR,Euronext_Paris,XPAR,LEADERLEASE
EUROFINS_BSAR17,FR0010891796,ERFBS,Euronext_Paris,XPAR,OREY_ANTUNES_ESC.
EUROFINS_NV,FR0013229044,ERFNV,Euronext_Paris,XPAR,COPAM
EUROFINS_SCIENT.,FR0000038259,ERF,Euronext_Paris,XPAR,TOUPARGEL_GROUPE
EUROMEDIS_GROUPE,FR0000075343,EMG,Euronext_Paris,XPAR,VERNEUIL_PARTICIP.
EURONEXT,NL0006294274,ENX,Euronext_Paris,XPAR,BLEECKER
EUROPACORP,FR0010490920,ECP,Euronext_Paris,XPAR,MIGUET_ET_ASSOCIES
EUROPCAR,FR0012789949,EUCAR,Euronext_Paris,XPAR,BROKERSCLUB_AG
EUROSIC,FR0000038200,ERSC,Euronext_Paris,XPAR,SUMO_RESOURCES_PLC
EUTELSAT_COMMUNIC.,FR0010221234,ETL,Euronext_Paris,XPAR,LOMBARD_ET_MEDOT
EXACOMPTA_CLAIREF.,FR0000064164,EXAC,Euronext_Paris,XPAR,INAPA-PREF_S/_VOTO
EXEL_INDUSTRIES,FR0004527638,EXE,Euronext_Paris,XPAR,TAYNINH
EXPLOS.PROD.CHI.PF,FR0000037343,EPCP,Euronext_Paris,XPAR,SELCODIS
EXPLOSIFS_PROD.CHI,FR0000039026,EXPL,Euronext_Paris,XPAR,LE_TANNEUR
FAURECIA,FR0000121147,EO,Euronext_Paris,XPAR,PROLOG_BSAAR20
FAUVET_GIREL,FR0000063034,FAUV,Euronext_Paris,XPAR,AGTA_RECORD
FAYENC.SARREGUEMI.,FR0000031973,FAYE,Euronext_Paris,XPAR,SUCRAF_A_&_B
FDL,FR0000030181,FDL,Euronext_Paris,XPAR,YATRA
FERM.CAS.MUN.CANNE,FR0000062101,FCMC,Euronext_Paris,XPAR,MG_INTERNATIONAL
FERMENTALG,FR0011271600,FALG,Euronext_Paris,XPAR,ROCTOOL
FFP,FR0000064784,FFP,Euronext_Paris,XPAR,PROLOGUE_BSAA2021
FIDUCIAL_OFF.SOL.,FR0000061418,SACI,Euronext_Paris,XPAR,SENDR_SE
FIDUCIAL_REAL_EST.,FR0000060535,ORIA,Euronext_Paris,XPAR,PROLOGUE_BSAA
FIGEAC_AERO,FR0011665280,FGA,Euronext_Paris,XPAR,PUBLICIS_BSA
FIMALAC,FR0000037947,FIM,Euronext_Paris,XPAR,DIGITECH
FIN.ETANG_BERRE,FR0000062341,BERR,Euronext_Paris,XPAR,NATIXIS_NV
FIN.ETANG_BERRE_PF,FR0000062507,EBPF,Euronext_Paris,XPAR,BELUGA
FIN.OUEST_AFRICAIN,SN0000033192,FOAF,Euronext_Paris,XPAR,RAPIDO_PRET
FINANCIERE_MARJOS,FR0000060824,FINM,Euronext_Paris,XPAR,TROIS_CHENES
FINANCIERE_ODET,FR0000062234,ODET,Euronext_Paris,XPAR,QUOTIUM_TECHNO
FINATIS,FR0000035123,FNTS,Euronext_Paris,XPAR,BEVER_HOLDING
FIPP,FR0000038184,FIPP,Euronext_Paris,XPAR,GAUSSIN_BSA
FLEURY_MICHON,FR0000074759,FLE,Euronext_Paris,XPAR,FAUVET_GIREL
FLEURYMBSAR22MAR20,FR0011408731,FLEBS,Euronext_Paris,XPAR,CESAR
FONC_ATLAND_BSA,FR0012951028,FATBS,Euronext_Paris,XPAR,ORCO_BSAR_2019
FONC._PARIS_NORD,FR0011277391,FPN,Euronext_Paris,XPAR,ML_TRADING_AG
FONC.DES_REGIONS,FR0000064578,FDR,Euronext_Paris,XPAR,IMM.PARIS.PERLE
FONCIERE_7_INVEST,FR0000065930,LEBL,Euronext_Paris,XPAR,HUBWOO
FONCIERE_ATLAND,FR0000064362,FATL,Euronext_Paris,XPAR,DYNAFOND
FONCIERE_DES_MURS,FR0000060303,FMU,Euronext_Paris,XPAR,MULTIMICROCLOUD
FONCIERE_EURIS,FR0000038499,EURS,Euronext_Paris,XPAR,BERNARD_LOISEAU
FONCIERE_INEA,FR0010341032,INEA,Euronext_Paris,XPAR,TROC_ILE
FONCIERE_LYONNAISE,FR0000033409,FLY,Euronext_Paris,XPAR,MULANN
FONCIERE_R-PARIS,FR0000063265,FFBE,Euronext_Paris,XPAR,SPINEWAY
FONCIERE_VOLTA,FR0000053944,SPEL,Euronext_Paris,XPAR,SNOWWORLD
FORESTIERE_EQUAT.,CI0000053161,FORE,Euronext_Paris,XPAR,FERCO_DEV.
FRANCAISE_ENERGIE,FR0013030152,LFDE,Euronext_Paris,XPAR,ARDOIN_ST_AMAND_A
FREY,FR0010588079,FREY,Euronext_Paris,XPAR,VANEXPORT
FROMAGERIES_BEL,FR0000121857,FBEL,Euronext_Paris,XPAR,SODIFRANCE
FUTUREN,FR0011284991,FTRN,Euronext_Paris,XPAR,THERMOCOMPACT
GALIMMO,FR0000030611,GALIM,Euronext_Paris,XPAR,BTG-BPP_EUR_UNIT
GAUMONT,FR0000034894,GAM,Euronext_Paris,XPAR,DRONE_VOLT_BS
GDS_(144A)_RUSAL,US9098831004,RUAL,Euronext_Paris,XPAR,MEDIANTECHNOLOGIES
GDS_(S)_RUSAL,US9098832093,RUSAL,Euronext_Paris,XPAR,BRICORAMA
GDS_MOULINS_STRAS.,FR0000064180,GDMS,Euronext_Paris,XPAR,STREIT_MECANIQUE
GEA_GRENOBL.ELECT.,FR0000053035,GEA,Euronext_Paris,XPAR,MEDIOCREDITO_EUROP
GECI_INTL,FR0000079634,GECP,Euronext_Paris,XPAR,ALO_BSA_2016
GECI_INTL_BS,FR0013141249,GECBS,Euronext_Paris,XPAR,GRECEMAR
GECINA_NOM.,FR0010040865,GFC,Euronext_Paris,XPAR,GAUSSIN_BSAR
GENERAL_ELECTRIC,US3696041033,GNE,Euronext_Paris,XPAR,LOCASYSTEM_INTL
GENERIX,FR0010501692,GENX,Euronext_Paris,XPAR,EVADIX
GENEURO,CH0308403085,GNRO,Euronext_Paris,XPAR,FD
GENFIT,FR0004163111,GNFT,Euronext_Paris,XPAR,ECKERT-ZIEGLER_BG
GENKYOTEX,FR0011790542,GKTX,Euronext_Paris,XPAR,IBM
GENOMIC_VISION,FR0011799907,GV,Euronext_Paris,XPAR,TISCALI
GENSIGHT_BIOLOGICS,FR0013183985,SIGHT,Euronext_Paris,XPAR,FINAXO
GFI_INFORMATIQUE,FR0004038099,GFI,Euronext_Paris,XPAR,MDW
GIORGIO_FEDON,IT0001210050,FED,Euronext_Paris,XPAR,TECHNOFLEX
GL_EVENTS,FR0000066672,GLO,Euronext_Paris,XPAR,PHOTONIKE_CAPITAL
GPE_GROUP_PIZZORNO,FR0010214064,GPE,Euronext_Paris,XPAR,NOVATECH_IND.
GRAINES_VOLTZ,FR0000065971,GRVO,Euronext_Paris,XPAR,VALE
GROUPE_CRIT,FR0000036675,CEN,Euronext_Paris,XPAR,FREELANCE_BS_2018
GROUPE_EUROTUNNEL,FR0010533075,GET,Euronext_Paris,XPAR,ENTREPRENDRE
GROUPE_FLO,FR0004076891,FLO,Euronext_Paris,XPAR,COREP_LIGHTING
GROUPE_FNAC,FR0011476928,FNAC,Euronext_Paris,XPAR,MECELEC_BSA_DEC19
GROUPE_GORGE,FR0000062671,GOE,Euronext_Paris,XPAR,MNR_GROUP
GROUPE_IRD,FR0000124232,IRD,Euronext_Paris,XPAR,MBWS_BSA_ACT2
GROUPE_JAJ,FR0004010338,GJAJ,Euronext_Paris,XPAR,ARDOIN_ST_AMAND_B
GROUPE_LDLC,FR0000075442,LDL,Euronext_Paris,XPAR,DYNEX_ENERGY_SA
GROUPE_OPEN,FR0004050300,OPN,Euronext_Paris,XPAR,IMALLIANCE
GROUPE_PARTOUCHE,FR0012612646,PARP,Euronext_Paris,XPAR,ENI
GROUPE_SFPI,FR0004155000,SFPI,Euronext_Paris,XPAR,EURASIA_FONC_INV
GROUPE_VIAL,FR0010340406,VIA,Euronext_Paris,XPAR,ASHLER_ET_MANSON
GTT,FR0011726835,GTT,Euronext_Paris,XPAR,REIBEL
GUERBET,FR0000032526,GBT,Euronext_Paris,XPAR,GROUPE_CARNIVOR
GUERBET_NV,FR0013229028,GBTNV,Euronext_Paris,XPAR,INVERKO
GUILLEMOT,FR0000066722,GUI,Euronext_Paris,XPAR,SECURINFOR
GUY_DEGRENNE,FR0004035061,GUYD,Euronext_Paris,XPAR,CONSORT_NT
HAULOTTE_GROUP,FR0000066755,PIG,Euronext_Paris,XPAR,SILC
HAVAS,FR0000121881,HAV,Euronext_Paris,XPAR,MAGILLEM
HERIGE,FR0000066540,HERIG,Euronext_Paris,XPAR,DEMOS
HERIGE_NV,FR0013227451,HERNV,Euronext_Paris,XPAR,TOQUEBLANCHEMONDE
HERMES_INTL,FR0000052292,RMS,Euronext_Paris,XPAR,BD_MULTI_MEDIA
HEXCEL,US4282911084,HXL,Euronext_Paris,XPAR,MAINSTAY_MEDICAL
HF,FR0000038531,HF,Euronext_Paris,XPAR,4SERVICE_CLOUD
HI-MEDIA,FR0012821890,HIM,Euronext_Paris,XPAR,EST_REPUBLICAIN
HIGH_CO,FR0000054231,HCO,Euronext_Paris,XPAR,MBWS_BSAR_2023
HIPAY_GROUP,FR0012821916,HIPAY,Euronext_Paris,XPAR,SCHOBRUNN_PARIS
HOPSCOTCH_GROUPE,FR0000065278,HOP,Euronext_Paris,XPAR,GROUPIMO
HOTELS_DE_PARIS,FR0004165801,HDP,Euronext_Paris,XPAR,KKO_INT_WARRANT_A
HSBC_HOLDINGS,GB0005405286,HSB,Euronext_Paris,XPAR,VEXIM_BS
HUBWOO,FR0004052561,HBW,Euronext_Paris,XPAR,PROTEKTUS_AG
ICADE,FR0000035081,ICAD,Euronext_Paris,XPAR,ROUSSELET_CENTRIF.
ID_LOGISTICS_GROUP,FR0010929125,IDL,Euronext_Paris,XPAR,HOTL.IMMOB.NICE
IDI,FR0000051393,IDIP,Euronext_Paris,XPAR,NOVISOURCE
IFF,US4595061015,IFF,Euronext_Paris,XPAR,EON_MOTORS_GROUP
IGE_+_XAO,FR0000030827,IGE,Euronext_Paris,XPAR,GROUPE_PLUS-VALUES
ILIAD,FR0004035913,ILD,Euronext_Paris,XPAR,SOLIA
IMERYS,FR0000120859,NK,Euronext_Paris,XPAR,REDITUS
IMMOB.DASSAULT,FR0000033243,IMDA,Euronext_Paris,XPAR,PETRO_IVOIRE
IMMOB.HOTELIERE,FR0000036980,IMHO,Euronext_Paris,XPAR,EUROFINS_BSAR17
IMPLANET,FR0010458729,IMPL,Euronext_Paris,XPAR,CIPAN
INDLE_FIN.ENTREPR.,FR0000066219,INFE,Euronext_Paris,XPAR,FIDUCIAL_REAL_EST.
INFOSYS_LTD_ADS,US4567881085,INFY,Euronext_Paris,XPAR,PNS
INFOTEL,FR0000071797,INF,Euronext_Paris,XPAR,MUTUALIZE_CORP
INGENICO_GROUP,FR0000125346,ING,Euronext_Paris,XPAR,CHRISTIAN_POTIER
INNATE_PHARMA,FR0010331421,IPH,Euronext_Paris,XPAR,JSA_TECHNOLOGY
INNELEC_MULTIMEDIA,FR0000064297,INN,Euronext_Paris,XPAR,OREGE
INSIDE_SECURE,FR0010291245,INSD,Euronext_Paris,XPAR,FINANCIERE_MARJOS
INSTALLUX,FR0000060451,STAL,Euronext_Paris,XPAR,CECURITY.COM
INTERPARFUMS,FR0004024222,ITP,Euronext_Paris,XPAR,HITECHPROS
INTEXA,FR0000064958,ITXT,Euronext_Paris,XPAR,FRANCE_TOURISME
INTLE_PLANT.HEVEAS,FR0000036857,SIPH,Euronext_Paris,XPAR,ALPHA_MOS
INVENTIVA,FR0013233012,IVA,Euronext_Paris,XPAR,DEVERNOIS
IPSEN,FR0010259150,IPN,Euronext_Paris,XPAR,MANDALORE_HOLDING
IPSEN_NV,FR0013227626,IPNNV,Euronext_Paris,XPAR,CHINA_FOREST
IPSOS,FR0000073298,IPS,Euronext_Paris,XPAR,EAVS
IPSOS_NV,FR0013227683,IPSNV,Euronext_Paris,XPAR,ICE_CONCEPT
IT_LINK,FR0000072597,ITL,Euronext_Paris,XPAR,HOTELS_DE_PARIS
ITESOFT,FR0004026151,ITE,Euronext_Paris,XPAR,GOUR_MEDICAL
ITS_GROUP,FR0000073843,ITS,Euronext_Paris,XPAR,ONLINEFORMAPRO
JACQUES_BOGART,FR0012872141,JBOG,Euronext_Paris,XPAR,UNIVERSAL.BE
JACQUET_METAL_SCE,FR0000033904,JCQ,Euronext_Paris,XPAR,ECOLUTIONS
JC_DECAUX_SA.,FR0000077919,DEC,Euronext_Paris,XPAR,PART.INDLES_MINI.
KAUFMAN_ET_BROAD,FR0004007813,KOF,Euronext_Paris,XPAR,DAMARIS
KERING,FR0000121485,KER,Euronext_Paris,XPAR,ACTIVIUM_GROUP
KEYRUS,FR0004029411,KEY,Euronext_Paris,XPAR,CHAUSSERIA
KLEPIERRE,FR0000121964,LI,Euronext_Paris,XPAR,FRANCE_CHAUFFAGE
KORIAN,FR0010386334,KORI,Euronext_Paris,XPAR,S.CLUBE_BRAGA
L'OREAL,FR0000120321,OR,Euronext_Paris,XPAR,OSPREYFRANK
LA_FONCIERE_VERTE,FR0000039638,LFVE,Euronext_Paris,XPAR,NEWTREE
LACROIX_SA,FR0000066607,LACR,Euronext_Paris,XPAR,NEXTSTAGE
LAFARGEHOLCIM_LTD,CH0012214059,LHN,Euronext_Paris,XPAR,AFRIQUE_TELECOM
LAFUMA,FR0000035263,LAF,Euronext_Paris,XPAR,PHARMASIMPLE
LAGARDERE_S.C.A.,FR0000130213,MMB,Euronext_Paris,XPAR,DANE_ELEC_MEMORY
LANSON-BCC,FR0004027068,LAN,Euronext_Paris,XPAR,PHARCO
LAURENT-PERRIER,FR0006864484,LPE,Euronext_Paris,XPAR,WE.CONNECT
LDC,FR0013204336,LOUP,Euronext_Paris,XPAR,CENERGY
LE_NOBLE_AGE,FR0004170017,LNA,Euronext_Paris,XPAR,LISGRAFICA
LE_TANNEUR,FR0000075673,LTAN,Euronext_Paris,XPAR,MTD_FINANCE
LEBON,FR0000121295,LBON,Euronext_Paris,XPAR,CIOA
LECTRA,FR0000065484,LSS,Euronext_Paris,XPAR,LES_HOTELS_BAVEREZ
LEGRAND,FR0010307819,LR,Euronext_Paris,XPAR,VESTASIA_LIMITED
LESNXCONSTRUCTEURS,FR0004023208,LNC,Euronext_Paris,XPAR,UN_TOIT_POUR_TOI
LILLY_AND_CO,US5324571083,LLY,Euronext_Paris,XPAR,KORTRIJK_SHOP.CERT
LINEDATA_SERVICES,FR0004156297,LIN,Euronext_Paris,XPAR,PORCELEYNE_FLES
LISI,FR0000050353,FII,Euronext_Paris,XPAR,IMOB.C_GRAO_PARA
LOCINDUS,FR0000121352,LD,Euronext_Paris,XPAR,SMALTO
LVMH,FR0000121014,MC,Euronext_Paris,XPAR,WT
LYSOGENE,FR0013233475,LYS,Euronext_Paris,XPAR,SEMPLICEMENTE_SpA
M.R.M,FR0000060196,MRM,Euronext_Paris,XPAR,BRICO_DISTRIB
MAINSTAY_MEDICAL,IE00BJYS1G50,MSTY,Euronext_Paris,XPAR,CROSSWOOD
MAISONS_DU_MONDE,FR0013153541,MDM,Euronext_Paris,XPAR,G.A.I.
MAISONS_FRANCE,FR0004159473,MFC,Euronext_Paris,XPAR,HOME_CONCEPT
MALTERIES_FCO-BEL.,FR0000030074,MALT,Euronext_Paris,XPAR,ISCOOL_ENTERTAIN.
MANITOU_BF,FR0000038606,MTU,Euronext_Paris,XPAR,IPERNITY.ORG
MANUTAN_INTL,FR0000032302,MAN,Euronext_Paris,XPAR,FIN.ETANG_BERRE_PF
MAROC_TELECOM,MA0000011488,IAM,Euronext_Paris,XPAR,EUROPLASMA_BSA
MAUNA_KEA_TECH,FR0010609263,MKEA,Euronext_Paris,XPAR,SAFWOOD
MAUREL_ET_PROM,FR0000051070,MAU,Euronext_Paris,XPAR,FIN.OUEST_AFRICAIN
MBWS,FR0000060873,MBWS,Euronext_Paris,XPAR,FENALU
MBWS_BSA_2004,FR0010134247,MBWBS,Euronext_Paris,XPAR,GLOBAL_HEALTH_GR.
MBWS_BSA_2006,FR0010304733,MBWBR,Euronext_Paris,XPAR,CARPINIENNE_PART.
MBWS_BSA_ACT2,FR0011477124,MBWBW,Euronext_Paris,XPAR,AGUAS_DA_CURIA
MBWS_BSAR_2023,FR0013066313,MBWSZ,Euronext_Paris,XPAR,EVERSET
MCPHY_ENERGY,FR0011742329,MCPHY,Euronext_Paris,XPAR,ESTORIL_SOL_P
MEDASYS,FR0000052623,MED,Euronext_Paris,XPAR,H2O_INNOVATION_INC
MEDIA_6,FR0000064404,EDI,Euronext_Paris,XPAR,INNOVADERMA_PLC
MEDIAWAN,FR0013247137,MDW,Euronext_Paris,XPAR,MEUBLES_DELIAS
MEDIAWAN_WAR,FR0013128907,MDWBS,Euronext_Paris,XPAR,GLOBAL_INVESTMENT
MEMSCAP_REGPT,FR0010298620,MEMS,Euronext_Paris,XPAR,NEWSINVEST
MERCIALYS,FR0010241638,MERY,Euronext_Paris,XPAR,THANNBERGER_ET_CIE
MERCK_AND_CO_INC,US58933Y1055,MRK,Euronext_Paris,XPAR,UNI.METALG.HT-SEI.
MERSEN,FR0000039620,MRN,Euronext_Paris,XPAR,FLEXOS
MERSEN_BSAR_JUI10,FR0010902510,MRNB1,Euronext_Paris,XPAR,COURBET
MERSEN_NV,FR0013228970,MRNNV,Euronext_Paris,XPAR,AUDIENCE_LABS
METABOLIC_EXPLORER,FR0004177046,METEX,Euronext_Paris,XPAR,SINTESI_SpA
METROPOLE_TV,FR0000053225,MMT,Euronext_Paris,XPAR,GALEO
MGI_COUTIER,FR0000053027,MGIC,Euronext_Paris,XPAR,TPSH
MICHELIN,FR0000121261,ML,Euronext_Paris,XPAR,JANE_FRANCE
MICHELIN_NV,FR0013227568,MLNV,Euronext_Paris,XPAR,ADVINI
MICROBSAR15DEC18,FR0010827345,MUNBR,Euronext_Paris,XPAR,PLANT_ADVANCED_BS
MICROPOLE,FR0000077570,MUN,Euronext_Paris,XPAR,FONCIERE_R-PARIS
MND,FR0011584549,MND,Euronext_Paris,XPAR,CEGIDBAAR1NOV2017
MONCEY_(FIN.)_NOM.,FR0000076986,MONC,Euronext_Paris,XPAR,TONNA_ELECTRONIQUE
MONTAIGNE_FASHION,FR0004048734,MFG,Euronext_Paris,XPAR,FONCIERE_VOLTA
MR_BRICOLAGE,FR0004034320,MRB,Euronext_Paris,XPAR,FONCIERE_VINDI
MUSEE_GREVIN,FR0000037970,GREV,Euronext_Paris,XPAR,EES
NANOBIOTIX,FR0011341205,NANO,Euronext_Paris,XPAR,AZOREAN_TECH
NATIXIS,FR0000120685,KN,Euronext_Paris,XPAR,GALLOO_ILE_DE_FCE
NATIXIS_NV,FR0013239829,KNNV,Euronext_Paris,XPAR,FIDUCIAL_OFF.SOL.
NATUREX,FR0000054694,NRX,Euronext_Paris,XPAR,IOC_HOLDING
NEOPOST,FR0000120560,NEO,Euronext_Paris,XPAR,AUGROS_COSMETICS
NETGEM,FR0004154060,NTG,Euronext_Paris,XPAR,STEAM_FRANCE
NEURONES,FR0004050250,NRO,Euronext_Paris,XPAR,EASYVISTA
NEXANS,FR0000044448,NEX,Euronext_Paris,XPAR,CARDETY
NEXITY,FR0010112524,NXI,Euronext_Paris,XPAR,TEAM_KALORIK
NEXTSTAGE,FR0012789386,NEXTS,Euronext_Paris,XPAR,CYBERGUN_BSB
NICOX,FR0013018124,COX,Euronext_Paris,XPAR,VISIODENT
NOKIA,FI0009000681,NOKIA,Euronext_Paris,XPAR,HEURTEY_PETROCHEM
NRJ_GROUP,FR0000121691,NRG,Euronext_Paris,XPAR,HOPENING
OENEO,FR0000052680,SBT,Euronext_Paris,XPAR,VAA_VISTA_ALEGRE
OFFICIIS_PROPERTIE,FR0010298901,OFP,Euronext_Paris,XPAR,SIMAT
OL_GROUPE,FR0010428771,OLG,Euronext_Paris,XPAR,GALIMMO
ONXEO,FR0010095596,ONXEO,Euronext_Paris,XPAR,VIALIFE
ORANGE,FR0000133308,ORA,Euronext_Paris,XPAR,EURASIA_GROUPE
ORAPI,FR0000075392,ORAP,Euronext_Paris,XPAR,DATA_HERTZ
ORCHESTRA-PREMAMAN,FR0013190410,KAZI,Euronext_Paris,XPAR,BODY_ONE
ORCO_BSAR_2019,LU0234878881,ORCBR,Euronext_Paris,XPAR,FONC_ATLAND_BSA
OREGE,FR0010609206,OREGE,Euronext_Paris,XPAR,COGRA_48_BSAR
ORPEA,FR0000184798,ORP,Euronext_Paris,XPAR,QUADPACK
OSE_IMMUNO,FR0012127173,OSE,Euronext_Paris,XPAR,UCAR
OXIS_INTL,US6918295014,OXI,Euronext_Paris,XPAR,CONCEPT_TRADITION
PAREF,FR0010263202,PAR,Euronext_Paris,XPAR,SDC_INV.-PREF.
PARROT,FR0004038263,PARRO,Euronext_Paris,XPAR,EMD_MUSIC
PASSAT,FR0000038465,PSAT,Euronext_Paris,XPAR,PACTE_NOVATION
PATRIMOINE_ET_COMM,FR0011027135,PAT,Euronext_Paris,XPAR,INFOCLIP
PCAS,FR0000053514,PCA,Euronext_Paris,XPAR,LUIGI_BOTTO
PERNOD_RICARD,FR0000120693,RI,Euronext_Paris,XPAR,ORCOBSAAR1219
PERRIER_(GERARD),FR0000061459,PERR,Euronext_Paris,XPAR,TUTO4PC.COM_GROUP
PEUGEOT,FR0000121501,UG,Euronext_Paris,XPAR,WEDIA
PHARMAGEST_INTER.,FR0012882389,PHA,Euronext_Paris,XPAR,NEDSENSE_ENTERPR
PHILIP_MORRIS_INTL,US7181721090,PM,Euronext_Paris,XPAR,DWC_3.0
PIERRE_VACANCES,FR0000073041,VAC,Euronext_Paris,XPAR,GIORGIO_FEDON
PIXIUM_VISION,FR0011950641,PIX,Euronext_Paris,XPAR,SERGEFERRARI_GROUP
PLAST.VAL_LOIRE,FR0013252186,PVL,Euronext_Paris,XPAR,NSE
PLASTIC_OMNIUM,FR0000124570,POM,Euronext_Paris,XPAR,MEDIA_6
POXEL,FR0012432516,POXEL,Euronext_Paris,XPAR,LITHO_FORMAS
PRECIA,FR0000060832,PREC,Euronext_Paris,XPAR,ARTHUR_MAURY
PROCTER_GAMBLE,US7427181091,PGP,Euronext_Paris,XPAR,CHINA_SUPER_POWER
PRODWAYS,FR0012613610,PWG,Euronext_Paris,XPAR,EUROPLASMA_BSB
PROLOG_BSAAR20,FR0011627900,PRBS1,Euronext_Paris,XPAR,MEDIVISION
PROLOGUE,FR0010380626,PROL,Euronext_Paris,XPAR,PASCAL_PIVETEAU
PROLOGUE_BSAA,FR0011198175,PROBS,Euronext_Paris,XPAR,LECTEURS_MONDE
PROLOGUE_BSAA2021,FR0011994326,PRBS2,Euronext_Paris,XPAR,IMPRIMERIE_CHIRAT
PSB_INDUSTRIES,FR0000060329,PSB,Euronext_Paris,XPAR,MECELEC
PUBLICIS_BSA,FR0000312928,PUBBS,Euronext_Paris,XPAR,FINANCIERE_SICOMAX
PUBLICIS_GROUPE_SA,FR0000130577,PUB,Euronext_Paris,XPAR,STELAX_INDUSTRIES
QUANTEL,FR0000038242,QUA,Euronext_Paris,XPAR,INTEGRAL
QUOTIUM_TECHNO,FR0010211615,QTE,Euronext_Paris,XPAR,METALLIANCE
RADIALL,FR0000050320,RLL,Euronext_Paris,XPAR,POINT_PARFUMS
RALLYE,FR0000060618,RAL,Euronext_Paris,XPAR,UMALIS_GROUP
RAMSAY_GEN_SANTE,FR0000044471,GDS,Euronext_Paris,XPAR,LOCASOLOG
RECYLEX_S.A.,FR0000120388,RX,Euronext_Paris,XPAR,NEXPONOR-SICAFI
REMY_COINTREAU,FR0000130395,RCO,Euronext_Paris,XPAR,AZ_LEASING
RENAULT,FR0000131906,RNO,Euronext_Paris,XPAR,YANGDEN_HOLDING
REXEL,FR0010451203,RXL,Euronext_Paris,XPAR,SPORTING
RIBER,FR0000075954,RIB,Euronext_Paris,XPAR,STREAMWIDE_BS
ROBECO,NL0000289783,ROBP,Euronext_Paris,XPAR,BAMBU
ROBERTET,FR0000039091,RBT,Euronext_Paris,XPAR,STREAMWIDE
ROBERTET_CDV_87,FR0000045619,CBR,Euronext_Paris,XPAR,AG3I
ROBERTET_CI,FR0000045601,CBE,Euronext_Paris,XPAR,INVIBES_ADVERTSING
RODRIGUEZ_GROUP,FR0000062994,ROD,Euronext_Paris,XPAR,CNOVA
ROLINCO,NL0000289817,ROLP,Euronext_Paris,XPAR,CJS_PLV
RORENTO_CLASS_DH_E,LU0934195610,RORP,Euronext_Paris,XPAR,ULRIC_DE_VARENS
ROTHSCHILD_&_CO,FR0000031684,ROTH,Euronext_Paris,XPAR,ROODMICROTECWAR2
RUBIS,FR0000121253,RUI,Euronext_Paris,XPAR,MEDIAWAN_WAR
RUBIS_NV,FR0013222254,RUINV,Euronext_Paris,XPAR,ARTSNET
S.E.B.,FR0000121709,SK,Euronext_Paris,XPAR,TRAQUEUR
SABETON,FR0000060121,SABE,Euronext_Paris,XPAR,GROUPE_JAJ
SAFE_ORTHOPAEDICS,FR0012452746,SAFOR,Euronext_Paris,XPAR,MAISONS_D'AUJOURD'
SAFRAN,FR0000073272,SAF,Euronext_Paris,XPAR,HeadFirst_Source_G
SAINT_GOBAIN,FR0000125007,SGO,Euronext_Paris,XPAR,GEOREX_PROV.REGPT
SAMSE,FR0000060071,SAMS,Euronext_Paris,XPAR,SOC_FRANC_CASINOS
SANOFI,FR0000120578,SAN,Euronext_Paris,XPAR,FONCIERE_7_INVEST
SARTORIUS_STED_BIO,FR0013154002,DIM,Euronext_Paris,XPAR,DATBIM
SAVENCIA,FR0000120107,SAVE,Euronext_Paris,XPAR,MADE
SCBSM,FR0006239109,CBSM,Euronext_Paris,XPAR,AMATHEON_AGRI
SCHLUMBERGER,AN8068571086,SLB,Euronext_Paris,XPAR,GROWNERS
SCHNEIDER_ELECTRIC,FR0000121972,SU,Euronext_Paris,XPAR,SIMO_INTERNATIONAL
SCOR_SE,FR0010411983,SCR,Euronext_Paris,XPAR,TOUTABO
SECHE_ENVIRONNEM.,FR0000039109,SCHP,Euronext_Paris,XPAR,U&I_LEARNING
SELCODIS,FR0000065492,SLCO,Euronext_Paris,XPAR,O2I_BSAAR_2019
SELECTIRENTE,FR0004175842,SELER,Euronext_Paris,XPAR,IMMOB.HOTELIERE
SEQUANA,FR0011352590,SEQ,Euronext_Paris,XPAR,COURBET_AM.
SERGEFERRARI_GROUP,FR0011950682,SEFER,Euronext_Paris,XPAR,VISIO_NERF
SES,LU0088087324,SESG,Euronext_Paris,XPAR,INFOSAT_TELECOM_SA
SES_IMAGOTAG,FR0010282822,SESL,Euronext_Paris,XPAR,EDITIONS_DU_SIGNE
SES_IMAGOTAG_NV,FR0013223096,SESNV,Euronext_Paris,XPAR,PHONE_WEB
SFR_GROUP,FR0011594233,SFR,Euronext_Paris,XPAR,ENTREPARTICULIERS
SHOWROOMPRIVE,FR0013006558,SRP,Euronext_Paris,XPAR,UNION_TECH.INFOR.
SIGNAUX_GIROD,FR0000060790,GIRO,Euronext_Paris,XPAR,EASSON_TELECOM
SII,FR0000074122,SII,Euronext_Paris,XPAR,SILKAN_RT
SMTPC,FR0004016699,SMTPC,Euronext_Paris,XPAR,EUROLAND_CORPORATE
SOC_FRANC_CASINOS,FR0010209809,SFCA,Euronext_Paris,XPAR,OTC
SOCIETE_GENERALE,FR0000130809,GLE,Euronext_Paris,XPAR,VOPIUM
SODEXO,FR0000121220,SW,Euronext_Paris,XPAR,MBWS_BSA_2006
SODIFRANCE,FR0000072563,SOA,Euronext_Paris,XPAR,TTI
SODITECH,FR0000078321,SEC,Euronext_Paris,XPAR,ABC_ORTHODONTICS
SOFIBUS_PATRIMOINE,FR0000038804,SFBS,Euronext_Paris,XPAR,AROMA_CELTE
SOFRAGI,FR0000030140,SOFR,Euronext_Paris,XPAR,SEQUA_PETROLEUM_NV
SOFT_COMPUTING,FR0000075517,SFT,Euronext_Paris,XPAR,P.G.O._AUTOMOBILES
SOGECLAIR,FR0000065864,SOG,Euronext_Paris,XPAR,GENTLEMENS_EQUITY
SOITEC,FR0013227113,SOI,Euronext_Paris,XPAR,IMMOPOOL
SOLOCAL_GROUP,FR0012938884,LOCAL,Euronext_Paris,XPAR,GOLD_CAP_RESOURCES
SOMFY_SA,FR0000120495,SO,Euronext_Paris,XPAR,NOVADAY
SOPRA_STERIA_GROUP,FR0000050809,SOP,Euronext_Paris,XPAR,LIONAX
SOPRA_STERIA_NV,FR0013233152,SOPNV,Euronext_Paris,XPAR,METHORIOS_CAPITAL
SPIE,FR0012757854,SPIE,Euronext_Paris,XPAR,TREASURE_MINE
SPIR_COMMUNICATION,FR0000131732,SPI,Euronext_Paris,XPAR,INDUSTRIAL_HOLDING
SQLI,FR0011289040,SQI,Euronext_Paris,XPAR,
SQLI_BSAR042018,FR0011023274,SQIBS,Euronext_Paris,XPAR,
ST_DUPONT,FR0000054199,DPT,Euronext_Paris,XPAR,
ST_GOBAIN_NV,FR0013228889,SGONV,Euronext_Paris,XPAR,
STALLERGENES_GREER,GB00BZ21RF93,STAGR,Euronext_Paris,XPAR,
STE_GENERALE_NV,FR0013227196,GLENV,Euronext_Paris,XPAR,
STEF,FR0000064271,STF,Euronext_Paris,XPAR,
STENTYS,FR0010949404,STNT,Euronext_Paris,XPAR,
STMICROELECTRONICS,NL0000226223,STM,Euronext_Paris,XPAR,
SUEZ,FR0010613471,SEV,Euronext_Paris,XPAR,
SUPERSONIC_IMAGIDS,FR0013257391,SSIDS,Euronext_Paris,XPAR,
SUPERSONIC_IMAGINE,FR0010526814,SSI,Euronext_Paris,XPAR,
SWORD_GROUP,FR0004180578,SWP,Euronext_Paris,XPAR,
SYNERGIE,FR0000032658,SDG,Euronext_Paris,XPAR,
TARKETT,FR0004188670,TKTT,Euronext_Paris,XPAR,
TAYNINH,FR0000063307,TAYN,Euronext_Paris,XPAR,
TECHNICOLOR,FR0010918292,TCH,Euronext_Paris,XPAR,
TECHNIPFMC,GB00BDSFG982,FTI,Euronext_Paris,XPAR,
TELEPERFORMANCE,FR0000051807,RCF,Euronext_Paris,XPAR,
TELEVERBIER,CH0008175645,TVRB,Euronext_Paris,XPAR,
TERREIS,FR0010407049,TER,Euronext_Paris,XPAR,
TESSI,FR0004529147,TES,Euronext_Paris,XPAR,
TF1,FR0000054900,TFI,Euronext_Paris,XPAR,
TFF_GROUP,FR0000071904,TFF,Euronext_Paris,XPAR,
THALES,FR0000121329,HO,Euronext_Paris,XPAR,
THALES_NV,FR0013227170,HONV,Euronext_Paris,XPAR,
THERMADOR_GROUPE,FR0000061111,THEP,Euronext_Paris,XPAR,
THERMOCOMPACT,FR0004037182,THER,Euronext_Paris,XPAR,
TIKEHAU_CAPITAL,FR0013230612,TKO,Euronext_Paris,XPAR,
TIPIAK,FR0000066482,TIPI,Euronext_Paris,XPAR,
TIVOLY,FR0000060949,TVLY,Euronext_Paris,XPAR,
TONNA_ELECTRONIQUE,FR0000064388,TONN,Euronext_Paris,XPAR,
TOTAL,FR0000120271,FP,Euronext_Paris,XPAR,
TOTAL_GABON,GA0000121459,EC,Euronext_Paris,XPAR,
TOTAL_NV,FR0013229085,FPNV,Euronext_Paris,XPAR,
TOUAX,FR0000033003,TOUP,Euronext_Paris,XPAR,
TOUPARGEL_GROUPE,FR0000039240,TOU,Euronext_Paris,XPAR,
TOUR_EIFFEL,FR0000036816,EIFF,Euronext_Paris,XPAR,
TRANSGENE,FR0005175080,TNG,Euronext_Paris,XPAR,
TRIGANO,FR0005691656,TRI,Euronext_Paris,XPAR,
TXCELL,FR0010127662,TXCL,Euronext_Paris,XPAR,
TXCELL_ABSA_FEB18,FR0013231792,TXCBS,Euronext_Paris,XPAR,
U10,FR0000079147,UDIS,Euronext_Paris,XPAR,
UBISOFT_ENTERTAIN,FR0000054470,UBI,Euronext_Paris,XPAR,
ULRIC_DE_VARENS,FR0000079980,ULDV,Euronext_Paris,XPAR,
UNIBEL,FR0000054215,UNBL,Euronext_Paris,XPAR,
UNION_FIN.FRANCE,FR0000034548,UFF,Euronext_Paris,XPAR,
UNION_TECH.INFOR.,FR0000074197,FPG,Euronext_Paris,XPAR,
VALE,US91912E1055,VALE3,Euronext_Paris,XPAR,
VALE_PREF,US91912E2046,VALE5,Euronext_Paris,XPAR,
VALEO,FR0013176526,FR,Euronext_Paris,XPAR,
VALLOUREC,FR0000120354,VK,Euronext_Paris,XPAR,
VALNEVA,FR0004056851,VLA,Euronext_Paris,XPAR,
VALNEVA_PREF,FR0011472943,VLAP,Euronext_Paris,XPAR,
VEOLIA_ENVIRON.,FR0000124141,VIE,Euronext_Paris,XPAR,
VERNEUIL_PARTICIP.,FR0000062465,VRNL,Euronext_Paris,XPAR,
VETOQUINOL,FR0004186856,VETO,Euronext_Paris,XPAR,
VIADEO,FR0010325241,VIAD,Euronext_Paris,XPAR,
VICAT,FR0000031775,VCT,Euronext_Paris,XPAR,
VIDELIO,FR0000066680,VDLO,Euronext_Paris,XPAR,
VIEL_ET_COMPAGNIE,FR0000050049,VIL,Euronext_Paris,XPAR,
VIKTORIA_INVEST,FR0000035719,VI,Euronext_Paris,XPAR,
VILMORIN_&_CIE,FR0000052516,RIN,Euronext_Paris,XPAR,
VINCI,FR0000125486,DG,Euronext_Paris,XPAR,
VIRBAC,FR0000031577,VIRP,Euronext_Paris,XPAR,
VISIODENT,FR0000065765,SDT,Euronext_Paris,XPAR,
VIVENDI,FR0000127771,VIV,Euronext_Paris,XPAR,
VOLTALIA,FR0011995588,VLTSA,Euronext_Paris,XPAR,
VRANKEN-POMMERY,FR0000062796,VRAP,Euronext_Paris,XPAR,
WAVESTONE,FR0004036036,WAVE,Euronext_Paris,XPAR,
WENDEL,FR0000121204,MF,Euronext_Paris,XPAR,
WORLDLINE,FR0011981968,WLN,Euronext_Paris,XPAR,
X-FAB,BE0974310428,XFAB,Euronext_Paris,XPAR,
XILAM_ANIMATION,FR0004034072,XIL,Euronext_Paris,XPAR,
XPO_LOGISTICS,FR0000052870,XPO,Euronext_Paris,XPAR,
YMAGIS,FR0011471291,MAGIS,Euronext_Paris,XPAR,
ZCI_LIMITED,BMG9887P1068,CV,Euronext_Paris,XPAR,
ZODIAC_AEROSPACE,FR0000125684,ZC,Euronext_Paris,XPAR,
IBERSOL-SGPS,PTIBS0AM0008,IBS,Euronext_Lisbon,XLIS,
IMPRESA-SGPS,PTIPR0AM0000,IPR,Euronext_Lisbon,XLIS,
J.MARTINS-SGPS,PTJMT0AE0001,JMT,Euronext_Lisbon,XLIS,
EMD_MUSIC,BE0003849669,EMD,March_Libre_Brussels,MLXB,
FLEXOS,BE0003885051,FLEX,March_Libre_Brussels,MLXB,
GROWNERS,BE0003861789,GROWN,March_Libre_Brussels,MLXB,
ICE_CONCEPT,BE0003860773,ICE,March_Libre_Brussels,MLXB,
IMMOPOOL,BE0003866838,IMMOP,March_Libre_Brussels,MLXB,
NEWTREE,BE0003832491,NEWT,March_Libre_Brussels,MLXB,
OTC,BE0003834513,OTCB,March_Libre_Brussels,MLXB,
PHARCO,BE0003835528,PHAR,March_Libre_Brussels,MLXB,
PNS,BE0003838555,PNSB,March_Libre_Brussels,MLXB,
REALCO,BE0003841583,REAL,March_Libre_Brussels,MLXB,
REIBEL,BE0003829463,REI,March_Libre_Brussels,MLXB,
TEAM_KALORIK,BE0003852697,TEAM,March_Libre_Brussels,MLXB,
U&I_LEARNING,BE0003847648,UNI,March_Libre_Brussels,MLXB,
4SERVICE_CLOUD,CH0299791381,MLOVE,March_Libre_Paris,XMLI,
A_TOUTE_VITESSE,FR0010050773,MLATV,March_Libre_Paris,XMLI,
ABC_ORTHODONTICS,CH0044947239,MLABC,March_Libre_Paris,XMLI,
ABCARBIBSAA29JUN18,FR0013254489,ABCBS,March_Libre_Paris,XMLI,
ACEP_FRANCE,FR0010762740,MLACP,March_Libre_Paris,XMLI,
ACTIVIUM_GROUP,FR0010979377,MLACT,March_Libre_Paris,XMLI,
AFRIQUE_TELECOM,FR0011233659,MLAFT,March_Libre_Paris,XMLI,
AG3I,FR0011908045,MLAGI,March_Libre_Paris,XMLI,
AMATHEON_AGRI,NL0010273694,MLAAH,March_Libre_Paris,XMLI,
ARDOIN_ST_AMAND_A,FR0005057635,MLARD,March_Libre_Paris,XMLI,
ARDOIN_ST_AMAND_B,FR0004070795,ARDO,March_Libre_Paris,XMLI,
AROMA_CELTE,FR0013182235,MLARO,March_Libre_Paris,XMLI,
ARTHUR_MAURY,FR0010772426,MLAMY,March_Libre_Paris,XMLI,
ARTSNET,FR0010923433,MLART,March_Libre_Paris,XMLI,
ASHLER_ET_MANSON,FR0012968485,MLAEM,March_Libre_Paris,XMLI,
AUDIENCE_LABS,FR0011896463,MLAUD,March_Libre_Paris,XMLI,
AZ_LEASING,IT0004812258,MLAZL,March_Libre_Paris,XMLI,
AZOREAN_TECH,PTAZR0AM0006,MLAAT,March_Libre_Paris,XMLI,
BAMBU,CH0309050059,MLBAM,March_Libre_Paris,XMLI,
BATLA_MINERALS,FR0010436170,MLBAT,March_Libre_Paris,XMLI,
BODY_ONE,FR0010106039,MLONE,March_Libre_Paris,XMLI,
BRICO_DISTRIB,FR0013110053,MLBRI,March_Libre_Paris,XMLI,
BROKERSCLUB_AG,CH0139322835,MLBRO,March_Libre_Paris,XMLI,
CAIRE,FR0010781377,MLAAE,March_Libre_Paris,XMLI,
CECURITY.COM,FR0010717579,MLCEC,March_Libre_Paris,XMLI,
CFM_INDOSUEZWEALTH,MC0010000826,MLCFM,March_Libre_Paris,XMLI,
CH.FER_DEPARTEMENT,FR0000037871,MLCFD,March_Libre_Paris,XMLI,
CH.FER_VAR_GARD_N.,FR0000051567,MLCVG,March_Libre_Paris,XMLI,
CHEOPS_TECHNOLOGY,FR0010447086,MLCHE,March_Libre_Paris,XMLI,
CHINA_FOREST,HK0000049327,MLCFI,March_Libre_Paris,XMLI,
CHINA_SUPER_POWER,HK0000043510,MLCSP,March_Libre_Paris,XMLI,
CHRISTIAN_POTIER,FR0000079477,MLCHP,March_Libre_Paris,XMLI,
CIE_DU_MONT_BLANC,FR0000060428,MLCMB,March_Libre_Paris,XMLI,
CIOA,FR0012384907,MLCIO,March_Libre_Paris,XMLI,
CJS_PLV,FR0000074361,MLCJS,March_Libre_Paris,XMLI,
COGIFRANCE,FR0005516804,MLCOI,March_Libre_Paris,XMLI,
COLIPAYS,FR0010959684,MLCLP,March_Libre_Paris,XMLI,
CONCEPT_TRADITION,FR0011374479,MLCET,March_Libre_Paris,XMLI,
CONDOR_INTERNAT,BE6252013725,MLMFI,March_Libre_Paris,XMLI,
CONSORT_NT,FR0000077828,MLCNT,March_Libre_Paris,XMLI,
COREP_LIGHTING,FR0010035816,MLCOR,March_Libre_Paris,XMLI,
COURBET,FR0004998318,MLCOU,March_Libre_Paris,XMLI,
COURBET_AM.,FR0004998326,CRBT,March_Libre_Paris,XMLI,
CTA_HOLDING,FR0000054066,MLCTA,March_Libre_Paris,XMLI,
DAMARIS,FR0000077885,MLDAM,March_Libre_Paris,XMLI,
DATA_HERTZ,FR0012222149,MLDHZ,March_Libre_Paris,XMLI,
DATBIM,FR0004177939,MLDTB,March_Libre_Paris,XMLI,
DEBFLEX,FR0010776658,MLDEX,March_Libre_Paris,XMLI,
DESIGN_YOUR_HOME,SE0007045380,MLDYH,March_Libre_Paris,XMLI,
DIGITECH,FR0000079824,MLDIG,March_Libre_Paris,XMLI,
DRDGOLD,ZAE000058723,MLDUR,March_Libre_Paris,XMLI,
DWC_3.0,IT0005154635,MLDWC,March_Libre_Paris,XMLI,
DYNAFOND,FR0000052920,MLDYN,March_Libre_Paris,XMLI,
DYNEX_ENERGY_SA,LU0881232630,MLDYX,March_Libre_Paris,XMLI,
EASSON_TELECOM,HK0000038783,MLEAS,March_Libre_Paris,XMLI,
EAUX_DE_DOUAI,FR0005142999,MLEAU,March_Libre_Paris,XMLI,
EAUX_DE_ROYAN,FR0007200100,MLEDR,March_Libre_Paris,XMLI,
EAVS,FR0010536185,MLEAV,March_Libre_Paris,XMLI,
ECOLUTIONS,DE000A0XYM45,MLECO,March_Libre_Paris,XMLI,
EDITIONS_DU_SIGNE,FR0000052755,MLEDS,March_Libre_Paris,XMLI,
EDUNIVERSAL,FR0010439265,MLEDU,March_Libre_Paris,XMLI,
EES,FR0010945733,MLEES,March_Libre_Paris,XMLI,
EON_MOTORS_GROUP,FR0011612837,MLEMG,March_Libre_Paris,XMLI,
EST_REPUBLICAIN,FR0005310463,MLEST,March_Libre_Paris,XMLI,
EUROLAND_CORPORATE,FR0010157115,MLERO,March_Libre_Paris,XMLI,
EVERSET,FR0000044745,MLEVE,March_Libre_Paris,XMLI,
FD,FR0012300424,MLFDV,March_Libre_Paris,XMLI,
FERCO_DEV.,FR0010071530,MLFER,March_Libre_Paris,XMLI,
FINANCIER_CROI_INV,FR0010480517,MLFCI,March_Libre_Paris,XMLI,
FINANCIERE_SICOMAX,FR0000066797,MLSIC,March_Libre_Paris,XMLI,
FINAXO,FR0010487272,MLFXO,March_Libre_Paris,XMLI,
FIRSTCAUTION,CH0120879058,MLFIR,March_Libre_Paris,XMLI,
FONCIERE_VINDI,FR0011605617,MLVIN,March_Libre_Paris,XMLI,
FRANCE_CHAUFFAGE,FR0004260479,MLFRC,March_Libre_Paris,XMLI,
FRANCE_TOURISME,FR0010823724,MLFTI,March_Libre_Paris,XMLI,
FUDAKIN,HK0000058989,MLKIN,March_Libre_Paris,XMLI,
G.A.I.,FR0000053415,MLGAI,March_Libre_Paris,XMLI,
GALEO,FR0011100759,MLGAL,March_Libre_Paris,XMLI,
GALLOO_ILE_DE_FCE,FR0000077232,MLGRD,March_Libre_Paris,XMLI,
GEL_GROUPE,FR0012336675,MLGEL,March_Libre_Paris,XMLI,
GENTLEMENS_EQUITY,PTGVE1AE0009,MLGEQ,March_Libre_Paris,XMLI,
GEOREX_PROV.REGPT,FR0000057945,MLGEO,March_Libre_Paris,XMLI,
GLOBAL_HEALTH_GR.,CH0121668229,MLIFE,March_Libre_Paris,XMLI,
GOLD_CAP_RESOURCES,CA38055V2049,MLGCR,March_Libre_Paris,XMLI,
GOUR_MEDICAL,CH0342399851,MLGML,March_Libre_Paris,XMLI,
GRECEMAR,FR0012991040,MLCMG,March_Libre_Paris,XMLI,
GREEN_ENERGY_GE4S,BE0948833760,MLGES,March_Libre_Paris,XMLI,
GROUPE_CARNIVOR,FR0000076960,MLGRC,March_Libre_Paris,XMLI,
GROUPE_PLUS-VALUES,FR0010529719,MLPVG,March_Libre_Paris,XMLI,
GROUPE_RIVALIS,FR0010766642,MLRIV,March_Libre_Paris,XMLI,
HK,DE000A11Q133,MLHK,March_Libre_Paris,XMLI,
HOCHE_BAINS_L.BAIN,FR0000051302,MLHBB,March_Libre_Paris,XMLI,
HOME_CONCEPT,FR0012336691,MLHCF,March_Libre_Paris,XMLI,
HOPENING,FR0010312181,MLHPE,March_Libre_Paris,XMLI,
HOT.MAJESTIC_CANNE,FR0006226791,MLHMC,March_Libre_Paris,XMLI,
HOTELIM,FR0000053738,MLHOT,March_Libre_Paris,XMLI,
HOTL.IMMOB.NICE,FR0006563904,MLHIN,March_Libre_Paris,XMLI,
HYDRAULIQUE_PB,FR0000064735,MLHYD,March_Libre_Paris,XMLI,
HYDRO-EXPLOIT.,FR0005843125,MLHYE,March_Libre_Paris,XMLI,
IDS,FR0000079691,MLIDS,March_Libre_Paris,XMLI,
IMALLIANCE,FR0010086371,MLIML,March_Libre_Paris,XMLI,
IMM.PARIS.PERLE,FR0006859039,MLIPP,March_Libre_Paris,XMLI,
IMPRIMERIE_CHIRAT,FR0000065773,MLIMP,March_Libre_Paris,XMLI,
INDUSTRIAL_HOLDING,IT0004982069,MLFIH,March_Libre_Paris,XMLI,
INFOCLIP,FR0011158823,MLIFC,March_Libre_Paris,XMLI,
INFOSAT_TELECOM_SA,FR0010688465,MLSAT,March_Libre_Paris,XMLI,
INNOVADERMA_PLC,GB00BT9PTW34,MLIDP,March_Libre_Paris,XMLI,
INTEGRAL,FR0012880482,MLITG,March_Libre_Paris,XMLI,
INVIBES_ADVERTSING,BE0974299316,MLINV,March_Libre_Paris,XMLI,
IOC_HOLDING,BE6200101556,MLIOC,March_Libre_Paris,XMLI,
IPERNITY.ORG,FR0010777680,MLIPY,March_Libre_Paris,XMLI,
JANE_FRANCE,FR0011442235,MLJAN,March_Libre_Paris,XMLI,
JSA_TECHNOLOGY,FR0010680033,MLJSA,March_Libre_Paris,XMLI,
KRIEF_GROUP,FR0004152700,MLKRI,March_Libre_Paris,XMLI,
LEADERLEASE,FR0010921163,MLLEA,March_Libre_Paris,XMLI,
LECTEURS_MONDE,FR0000034779,MLLEM,March_Libre_Paris,XMLI,
LEON_GROSSE,FR0005717626,MLLEO,March_Libre_Paris,XMLI,
LIONAX,HK0000038429,MLION,March_Libre_Paris,XMLI,
LOCASOLOG,FR0004109668,MLLCS,March_Libre_Paris,XMLI,
LOCASYSTEM_INTL,FR0004155208,MLLOI,March_Libre_Paris,XMLI,
LOMBARD_ET_MEDOT,FR0006205019,MLCAC,March_Libre_Paris,XMLI,
LSK,LU0834474271,MLLSK,March_Libre_Paris,XMLI,
LUIGI_BOTTO,IT0005072035,MLLB,March_Libre_Paris,XMLI,
LUIGI_BOTTO_BS,IT0005072043,MLLBS,March_Libre_Paris,XMLI,
LV4S,BE6201089735,MLV4S,March_Libre_Paris,XMLI,
M2I,FR0010778050,MLMII,March_Libre_Paris,XMLI,
MADE,FR0010328302,MLMAD,March_Libre_Paris,XMLI,
MAGILLEM,FR0010827741,MLMGL,March_Libre_Paris,XMLI,
MAIS.ANTOINE_BAUD,FR0000061657,MLMAB,March_Libre_Paris,XMLI,
MAISON_CLIO_BLUE,FR0011092089,MLCLI,March_Libre_Paris,XMLI,
MAISONS_D'AUJOURD',FR0010515742,MLMAI,March_Libre_Paris,XMLI,
MANDALORE_HOLDING,LU1179353617,MLMHO,March_Libre_Paris,XMLI,
MEDIOCREDITO_EUROP,IT0004844848,MLMCE,March_Libre_Paris,XMLI,
METALLIANCE,FR0010492181,MLETA,March_Libre_Paris,XMLI,
MEUBLES_DELIAS,FR0004078186,MLMED,March_Libre_Paris,XMLI,
MICROSKIN,GB00B92JR174,MLSKN,March_Libre_Paris,XMLI,
MIGUET_ET_ASSOCIES,FR0010500363,MLNMA,March_Libre_Paris,XMLI,
ML_TRADING_AG,CH0221173120,MLMLT,March_Libre_Paris,XMLI,
MNR_GROUP,FR0010976746,MLMNR,March_Libre_Paris,XMLI,
MONEY_EXPRESS,SN0000000191,MLMEX,March_Libre_Paris,XMLI,
MONFINANCIER,FR0010882886,MLMON,March_Libre_Paris,XMLI,
MP6,FR0013232626,MLMP6,March_Libre_Paris,XMLI,
MTD_FINANCE,FR0010518936,MLMTD,March_Libre_Paris,XMLI,
MULANN,FR0012990968,MLMUL,March_Libre_Paris,XMLI,
MULTIMICROCLOUD,FR0013230067,MLMMC,March_Libre_Paris,XMLI,
MUTUALIZE_CORP,FR0013222346,MLMUT,March_Libre_Paris,XMLI,
NEOCOM_MULTIMEDIA,FR0004157543,MLNEO,March_Libre_Paris,XMLI,
NEWSINVEST,FR0010358507,MLNEI,March_Libre_Paris,XMLI,
NOVADAY,FR0011421817,MLLED,March_Libre_Paris,XMLI,
NOVAE_AEROSPACE,FR0010978924,MLNOT,March_Libre_Paris,XMLI,
NOVATECH_IND.,FR0000185464,MLNOV,March_Libre_Paris,XMLI,
O_SORBET_D'AMOUR,FR0013072741,MLOSA,March_Libre_Paris,XMLI,
OLMIX,FR0010176115,MLOLM,March_Libre_Paris,XMLI,
ONLINEFORMAPRO,FR0004174712,MLONL,March_Libre_Paris,XMLI,
ORCLASS.COM,FR0012859916,MLORC,March_Libre_Paris,XMLI,
P.G.O._AUTOMOBILES,FR0000057895,MLPGO,March_Libre_Paris,XMLI,
PACTE_NOVATION,FR0000077992,MLPAC,March_Libre_Paris,XMLI,
PARFEX,FR0000185928,MLPFX,March_Libre_Paris,XMLI,
PART.INDLES_MINI.,FR0006823092,MLHOP,March_Libre_Paris,XMLI,
PASCAL_PIVETEAU,FR0012146629,MLPPI,March_Libre_Paris,XMLI,
PETRO_IVOIRE,CI0000001020,MLPIV,March_Libre_Paris,XMLI,
PHARMASIMPLE,BE0974302342,MLPHA,March_Libre_Paris,XMLI,
PHONE_WEB,FR0000185480,MLPHW,March_Libre_Paris,XMLI,
PHOTONIKE_CAPITAL,BE0948608451,MLPHO,March_Libre_Paris,XMLI,
PLACOPLATRE,FR0000030769,MLPLC,March_Libre_Paris,XMLI,
POINT_PARFUMS,FR0012735355,MLPPF,March_Libre_Paris,XMLI,
POL-ROGER_CHAMPAGN,FR0000064644,MLPOL,March_Libre_Paris,XMLI,
PROP.IMMEUBLES,FR0000061376,MLPRI,March_Libre_Paris,XMLI,
PROTEKTUS_AG,DE000A0JCXG4,MLPRO,March_Libre_Paris,XMLI,
QUADPACK,ES0105118006,MLQP,March_Libre_Paris,XMLI,
RAPHAEL_MICHEL_S_A,FR0010038570,MLRAM,March_Libre_Paris,XMLI,
RAPIDO_PRET,FR0012395457,ML350,March_Libre_Paris,XMLI,
ROUSSELET_CENTRIF.,FR0000035750,MLROU,March_Libre_Paris,XMLI,
SAVONNERIE_NYONS,FR0013155975,MLSDN,March_Libre_Paris,XMLI,
SBT,FR0004175222,MLSBT,March_Libre_Paris,XMLI,
SCANDINAVIAN_HOUSE,CH0220529603,MLSHD,March_Libre_Paris,XMLI,
SCEMI,FR0010972091,MLCMI,March_Libre_Paris,XMLI,
SCHOBRUNN_PARIS,FR0010961920,MLSCH,March_Libre_Paris,XMLI,
SECURINFOR,FR0000071755,MLSEC,March_Libre_Paris,XMLI,
SEMPLICEMENTE_BS,IT0005072803,MLSMW,March_Libre_Paris,XMLI,
SEMPLICEMENTE_SpA,IT0005072811,MLSMP,March_Libre_Paris,XMLI,
SENDR_SE,DE000A1YDAZ7,MLSDR,March_Libre_Paris,XMLI,
SEQUA_PETROLEUM_NV,NL0010623518,MLSEQ,March_Libre_Paris,XMLI,
SILC,FR0010679365,MLSIL,March_Libre_Paris,XMLI,
SILKAN_RT,FR0010518605,MLARI,March_Libre_Paris,XMLI,
SIMAT,CI0000000832,MLMAT,March_Libre_Paris,XMLI,
SIMO_INTERNATIONAL,FR0004038818,MLSIM,March_Libre_Paris,XMLI,
SINTESI_BS,IT0005072191,MLSNW,March_Libre_Paris,XMLI,
SINTESI_SpA,IT0005072167,MLSNT,March_Libre_Paris,XMLI,
SMALTO,FR0011131788,MLSML,March_Libre_Paris,XMLI,
SMALTO_BSA,FR0010649228,SMLBS,March_Libre_Paris,XMLI,
SOLIA,FR0010480533,MLSOL,March_Libre_Paris,XMLI,
SPEED_RABBIT_PIZZA,FR0000054371,MLSRP,March_Libre_Paris,XMLI,
STEAM_FRANCE,FR0013063559,MLSTM,March_Libre_Paris,XMLI,
STELAX_INDUSTRIES,CA8584971003,LAX,March_Libre_Paris,XMLI,
STREIT_MECANIQUE,FR0000063976,MLSTR,March_Libre_Paris,XMLI,
SUMO_RESOURCES_PLC,GB00B8GJBS16,MLSUM,March_Libre_Paris,XMLI,
TEAM,FR0000033466,MLTEA,March_Libre_Paris,XMLI,
TECHNOFLEX,FR0000185795,MLTEK,March_Libre_Paris,XMLI,
TELECOM_DESIGN,FR0000184806,MLTED,March_Libre_Paris,XMLI,
TELEVISTA,FR0011076595,MLVST,March_Libre_Paris,XMLI,
THANNBERGER_ET_CIE,FR0010630988,MLTHA,March_Libre_Paris,XMLI,
THERMES_DE_SAUJON,FR0007261425,MLTDS,March_Libre_Paris,XMLI,
TOQUEBLANCHEMONDE,FR0011668821,MLTBM,March_Libre_Paris,XMLI,
TOUTABO,FR0010621722,MLABO,March_Libre_Paris,XMLI,
TPSH,FR0011040690,MLPSH,March_Libre_Paris,XMLI,
TRAMWAYS_DE_ROUEN,FR0000031866,MLTRA,March_Libre_Paris,XMLI,
TREASURE_MINE,HK0000058161,MLTMT,March_Libre_Paris,XMLI,
TROC_ILE,FR0000031106,MLTRO,March_Libre_Paris,XMLI,
TROIS_CHENES,FR0000076481,MLTRC,March_Libre_Paris,XMLI,
UMALIS_GROUP,FR0011776889,MLUMG,March_Libre_Paris,XMLI,
UN_TOIT_POUR_TOI,FR0013180189,MLUTP,March_Libre_Paris,XMLI,
UNI.METALG.HT-SEI.,FR0005783503,MLUMH,March_Libre_Paris,XMLI,
UNITI,FR0012709160,MLUNT,March_Libre_Paris,XMLI,
UNIVERSAL.BE,BE0974279110,MLUNI,March_Libre_Paris,XMLI,
USG,FR0012060036,MLUSG,March_Libre_Paris,XMLI,
VALONEO,FR0012833770,MLVAL,March_Libre_Paris,XMLI,
VANEXPORT,FR0010775064,MLVAN,March_Libre_Paris,XMLI,
VERNEY_CARRON,FR0006174496,MLVER,March_Libre_Paris,XMLI,
VESTASIA_LIMITED,HK0000041928,MLVES,March_Libre_Paris,XMLI,
VISIO_NERF,FR0010033480,MLVIS,March_Libre_Paris,XMLI,
VOPIUM,DK0060129575,MLVOP,March_Libre_Paris,XMLI,
WEYA,FR0010768770,MLWEY,March_Libre_Paris,XMLI,
WT,FR0000184822,MLWTT,March_Libre_Paris,XMLI,
YANGDEN_HOLDING,HK0000052370,MLYSH,March_Libre_Paris,XMLI,
ZCCM,ZM0000000037,MLZAM,March_Libre_Paris,XMLI,
NOVABASE-SGPS,PTNBA0AM0006,NBA,Euronext_Lisbon,XLIS,
NOS,PTZON0AM0006,NOS,Euronext_Lisbon,XLIS,
REDITUS-SGPS,PTRED0AP0010,RED,Euronext_Lisbon,XLIS,
SONAECOM-SGPS,PTSNC0AM0006,SNC,Euronext_Lisbon,XLIS,
ASSICURAZ.GEN.ORD.,IT0000062072,GEN,Traded_not_listed_Amsterdam,TNLA,
BANCO_BILBAO_VIZC.,ES0113211835,BBV,Traded_not_listed_Amsterdam,TNLA,
BANCO_SANTANDER,ES0113900J37,SANTA,Traded_not_listed_Amsterdam,TNLA,
BOEING_COMPANY,US0970231058,BOEI,Traded_not_listed_Amsterdam,TNLA,
CHEVRON,US1667641005,CHTEX,Traded_not_listed_Amsterdam,TNLA,
CISCO_SYSTEM_INC,US17275R1023,CIS,Traded_not_listed_Amsterdam,TNLA,
DEUTSCHE_TELEKOM,DE0005557508,DTEL,Traded_not_listed_Amsterdam,TNLA,
E.ON_SE,DE000ENAG999,EON,Traded_not_listed_Amsterdam,TNLA,
ENI,IT0003132476,ENI,Traded_not_listed_Amsterdam,TNLA,
FOOT_LOCKER,US3448491049,FOOTL,Traded_not_listed_Amsterdam,TNLA,
IBM,US4592001014,IBMA,Traded_not_listed_Amsterdam,TNLA,
INTEL_CORP,US4581401001,INCO,Traded_not_listed_Amsterdam,TNLA,
MARATHON_OIL_CORP,US5658491064,MROIL,Traded_not_listed_Amsterdam,TNLA,
MICROSOFT_CORP_SPL,US5949181045,MSF,Traded_not_listed_Amsterdam,TNLA,
MUNCHENER_RUCKVERS,DE0008430026,MEURV,Traded_not_listed_Amsterdam,TNLA,
NWE_NED_AM_HYP_BK,NL0000121622,NWE_NED_AM_HYP_BK,Traded_not_listed_Amsterdam,TNLA,
OCCIDENTAL_PETROL.,US6745991058,OCPET,Traded_not_listed_Amsterdam,TNLA,
PEPSICO,US7134481081,PEP,Traded_not_listed_Amsterdam,TNLA,
SIEMENS,DE0007236101,SIA,Traded_not_listed_Amsterdam,TNLA,
TELECOM_ITALIA_SPA,IT0003497168,TIT,Traded_not_listed_Amsterdam,TNLA,
TELEFONICA,ES0178430E18,TFA,Traded_not_listed_Amsterdam,TNLA,
TISCALI,IT0004513666,TISN,Traded_not_listed_Amsterdam,TNLA,
UNION_PAC_CORP,US9078181081,UNPA,Traded_not_listed_Amsterdam,TNLA,
VERIZON_COMM.,US92343V1044,VERIZ,Traded_not_listed_Amsterdam,TNLA,
VOLKSWAGEN,DE0007664005,VWA,Traded_not_listed_Amsterdam,TNLA,
